Participant,Major_Functional_Group,Status_of_Major_Functional_Group,Common_Name,estimated_taxa_group,Stock,estimated_family_name,Fishery_Status_in_2024_v_Historic,Notes_1,Fishery_Status_in_2000_v_Historic,Notes_2,Population_Resilience,Notes_3,IUU_Estimate,Notes_4
Amy,anchovy & sardine (small pelagics),sustainable | sostenible,leatherjacks,sardina,oligoplites,carangidae,,,,,,,,
Amy,anchovy & sardine (small pelagics),,thread herrings,sardina,opisthonema,clupeidae,,,,,,,,
Amy,anchovy & sardine (small pelagics),,sardines,sardina,sardinops,clupeidae,,,,,,,,
Amy,anchovy & sardine (small pelagics),,round herrings,sardina,etrumeus,dussumieriidae,,,,,,,,
Amy,anchovy & sardine (small pelagics),,anchovies,sardina,cetengraulis,engraulidae,,,,,,,,
Amy,cephalopods,severely depleted | Las existencias están gravemente agotadas,jumbo squid,calamar,dosidicus,ommastrephidae,severely depleted | Las existencias están gravemente agotadas,,,,,,,
Amy,crustaceans,,spiny lobsters,langosta,panulirus,palinuridae,depleted | agotadas,,,,,,,
Amy,crustaceans,,swimming crabs,jaiba,callinectes,portunidae,depleted | agotadas,,,,,,,
Amy,demersal marine fishes,,surgeonfishes,otras,acanthurus,acanthuridae,depleted | agotadas,,,,High,,Moderate IUU,
Amy,demersal marine fishes,,sablefish,otras,anoplopoma,anoplopomatidae,,I don't know,,,,I don't know,,
Amy,demersal marine fishes,,sea catfishes,bagre,ariopsis,ariidae,,I don't know,,,,I don't know,,
Amy,demersal marine fishes,,triggerfishes,carpa,balistes,balistidae,depleted | agotadas,,,,High,,Low,
Amy,demersal marine fishes,,snooks,robalo,centropomus,centropomidae,depleted | agotadas,,,,Medium,,Moderate IUU,
Amy,demersal marine fishes,,whiptail stingrays,raya y similares,hypanus,dasyatidae,depleted | agotadas,,,,Low,,Low,
Amy,demersal marine fishes,,flounders,otras,parapsettus,ephippidae,depleted | agotadas,,,,Low,,Low,
Amy,demersal marine fishes,,mojarras / silver-biddies,bandera,gerres,gerreidae,,I don't know,,,,I don't know,,
Amy,demersal marine fishes,,mojarras,mojarra,diapterus,gerreidae,,I don't know,,,,I don't know,,
Amy,demersal marine fishes,,mojarras,mojarra,eucinostomus,gerreidae,,I don't know,,,,I don't know,,
Amy,demersal marine fishes,,mojarras,mojarra,eugerres,gerreidae,,I don't know,,,,I don't know,,
Amy,demersal marine fishes,,porkfishes/grunts,mojarra,anisotremus,haemulidae,healthy | saludable,,,,High,,Moderate IUU,
Amy,demersal marine fishes,,sargo,otras,microlepidotus,haemulidae,healthy | saludable,,,,High,,Moderate IUU,
Amy,demersal marine fishes,,grunts,otras,orthopristis,haemulidae,healthy | saludable,,,,High,,Moderate IUU,
Amy,demersal marine fishes,,salemas,otras,xenichthys,haemulidae,,I don't know,,,,I don't know,,
Amy,demersal marine fishes,,grunts,ronco,haemulopsis,haemulidae,healthy | saludable,,,,High,,Moderate IUU,
Amy,demersal marine fishes,,grunts,rubio,haemulon,haemulidae,healthy | saludable,,,,High,,Moderate IUU,
Amy,demersal marine fishes,,snappers,guachinango,lutjanus,lutjanidae,sustainable | sostenible,,,,Medium,,Low,
Amy,demersal marine fishes,,Mexican hogfish,pargo,hoplopagrus,lutjanidae,depleted | agotadas,,,,Medium,,Moderate IUU,
Amy,demersal marine fishes,,tilefishes,pierna,caulolatilus,malacanthidae,sustainable | sostenible,,,,Medium,,Low,
Amy,demersal marine fishes,,hakes,otras,merluccius,merlucciidae,depleted | agotadas,,,,Medium,,Low,
Amy,demersal marine fishes,,mullets,lisa,mugil,mugilidae,depleted | agotadas,,,,High,,Low,
Amy,demersal marine fishes,,eagle rays,raya y similares,aetobatus,myliobatidae,depleted | agotadas,,,,Medium,,Moderate IUU,
Amy,demersal marine fishes,,devil rays,raya y similares,mobula,myliobatidae,sustainable | sostenible,,,,Low,,Moderate IUU,
Amy,demersal marine fishes,,roosterfish,otras,nematistius,nematistiidae,sustainable | sostenible,,,,Medium,,Moderate IUU,
Amy,demersal marine fishes,,cusk-eels,lenguado,brotula,ophidiidae,,I don't know,,,,I don't know,Low,
Amy,demersal marine fishes,,giant sea bass,otras,stereolepis,polyprionidae,severely depleted | Las existencias están gravemente agotadas,,,,Low,,Low,
Amy,demersal marine fishes,,guitarfishes,raya y similares,pseudobatos,rhinobatidae,depleted | agotadas,,,,Low,,Moderate IUU,
Amy,demersal marine fishes,,parrotfishes,otras,nicholsina,scaridae,depleted | agotadas,,,,Medium,,High IUU,
Amy,demersal marine fishes,,king croakers,berrugata,menticirrhus,sciaenidae,sustainable | sostenible,,,,High,,Low,
Amy,demersal marine fishes,,croakers,berrugata,micropogonias,sciaenidae,sustainable | sostenible,,,,High,,Low,
Amy,demersal marine fishes,,corvina / croaker?,corvina,cynoscion,sciaenidae,sustainable | sostenible,,,,High,,Low,
Amy,demersal marine fishes,,croakers,corvina,larimus,sciaenidae,sustainable | sostenible,,,,High,,Low,
Amy,demersal marine fishes,,scorpionfishes,otras,scorpaena,scorpaenidae,sustainable | sostenible,,,,Medium,,Moderate IUU,
Amy,demersal marine fishes,,groupers,baqueta,hyporthodus,serranidae,depleted | agotadas,,,,Medium,,Low,
Amy,demersal marine fishes,,groupers,cabrilla,mycteroperca,serranidae,depleted | agotadas,,,,Medium,,Low,
Amy,demersal marine fishes,,sand basses,cabrilla,paralabrax,serranidae,sustainable | sostenible,,,,Medium,,Low,
Amy,demersal marine fishes,,groupers,mero,epinephelus,serranidae,depleted | agotadas,,,,Medium,,Low,
Amy,demersal marine fishes,,sand perches,otras,diplectrum,serranidae,,i don't know,,,,I don't know,Low,
Amy,demersal marine fishes,,basslets,otras,paranthias,serranidae,sustainable | sostenible,,,,High,,Low,
Amy,demersal marine fishes,,porgies,mojarra,calamus,sparidae,sustainable | sostenible,,,,Medium,,Moderate IUU,
Amy,demersal marine fishes,,lizardfishes,otras,synodus,synodontidae,,I don't know,,,,I don't know,,
Amy,demersal marine fishes,,puffers,otras,sphoeroides,tetraodontidae,sustainable | sostenible,,,,Medium,,"Moderate IUU, Low",
Amy,diadromous fishes,,milkfish,otras,chanos,chanidae,,,,,,,,
Amy,echinoderms,,sea urchins,erizo,mesocentrotus,strongylocentrotidae,,NOT FOUND IN THE GULF.,,,,,,
Amy,jellies,,cannonball jellyfish,otras,stomolophus,stomolophidae,,,,,,,,
Amy,molluscs excl. cephalopods,,abalones,abulon,haliotis,haliotidae,,NOT FOUND IN THE GULF,,,,,,
Amy,molluscs excl. cephalopods,,geoducks,almeja,panopea,hiatellidae,,,,,,,,
Amy,molluscs excl. cephalopods,,murex snails,caracol,hexaplex,muricidae,,,,,,,,
Amy,molluscs excl. cephalopods,,scallops,almeja,argopecten,pectinidae,,,,,,,,
Amy,molluscs excl. cephalopods,,conchs,caracol,lobatus,strombidae,,,,,,,,
Amy,molluscs excl. cephalopods,,turban snails,caracol,turbo,turbinidae,,,,,,,,
Amy,molluscs excl. cephalopods,,venus clams,almeja,chione,veneridae,,,,,,,,
Amy,molluscs excl. cephalopods,,venus clams,almeja,dosinia,veneridae,,,,,,,,
Amy,molluscs excl. cephalopods,,chocolate clams,almeja,megapitaria,veneridae,,,,,,,,
Amy,pelagic marine fish (excl. anchovy & sardine),,needlefish,otras,ablennes,belonidae,,,,,,,,
Amy,pelagic marine fish (excl. anchovy & sardine),,jacks,bonito,caranx,carangidae,,,,,,,,
Amy,pelagic marine fish (excl. anchovy & sardine),,bonitos,bonito,sarda,carangidae,,,,,,,,
Amy,pelagic marine fish (excl. anchovy & sardine),,amberjacks / yellowtails,esmedregal,seriola,carangidae,,,,,,,,
Amy,pelagic marine fish (excl. anchovy & sardine),,pompano,pampano,trachinotus,carangidae,,,,,,,,
Amy,pelagic marine fish (excl. anchovy & sardine),,moonfish / lookdowns,ronco,selene,carangidae,,,,,,,,
Amy,pelagic marine fish (excl. anchovy & sardine),,mahi-mahi,otras,coryphaena,coryphaenidae,,,,,,,,
Amy,pelagic marine fish (excl. anchovy & sardine),,sailfish,otras,istiophorus,istiophoridae,,,,,,,,
Amy,pelagic marine fish (excl. anchovy & sardine),,true tunas,atun,thunnus,scombridae,,,,,,,,
Amy,pelagic marine fish (excl. anchovy & sardine),,little tunas,barrilete,euthynnus,scombridae,,,,,,,,
Amy,pelagic marine fish (excl. anchovy & sardine),,skipjack tuna,barrilete,katsuwonus,scombridae,,,,,,,,
Amy,pelagic marine fish (excl. anchovy & sardine),,mackerels,macarela,scomber,scombridae,,,,,,,,
Amy,pelagic marine fish (excl. anchovy & sardine),,Spanish mackerels,sierra,scomberomorus,scombridae,,,,,,,,
Amy,pelagic marine fish (excl. anchovy & sardine),,barracudas,otras,sphyraena,sphyraenidae,,,,,,,,
Amy,pelagic marine fish (excl. anchovy & sardine),,cutlassfishes,cintilla,trichiurus,trichiuridae,,,,,,,,
Amy,pelagic marine fish (excl. anchovy & sardine),,swordfish,otras,xiphias,xiphiidae,,,,,,,,
Amy,sharks,,thresher sharks,tiburon,alopias,alopiidae,,,,,,,,
Amy,sharks,,requiem sharks,tiburon,carcharhinus,carcharhinidae,,,,,,,,
Amy,sharks,,tiger shark,tiburon,galeocerdo,carcharhinidae,,,,,,,,
Amy,sharks,,whitetip reef shark,tiburon,nasolamia,carcharhinidae,,,,,,,,
Amy,sharks,,blue shark,tiburon,prionace,carcharhinidae,,,,,,,,
Amy,sharks,,nurse sharks,tiburon,ginglymostoma,ginglymostomatidae,,,,,,,,
Amy,sharks,,mako sharks,tiburon,isurus,lamnidae,,,,,,,,
Amy,sharks,,salmon sharks,tiburon,lamna,lamnidae,,,,,,,,
Amy,sharks,,hammerhead sharks,tiburon,sphyrna,sphyrnidae,,,,,,,,
Amy,sharks,,angel sharks,tiburon,squatina,squatinidae,,,,,,,,
Amy,sharks,,smoothhounds,tiburon,mustelus,triakidae,,,,,,,,
Amy,"shrimps, prawns",,penaeid shrimp,camaron,farfantepenaeus,penaeidae,,,,,,,,
Amy,"shrimps, prawns",,white shrimp,camaron,litopenaeus / penaus,penaeidae,,,,,,,,
Amy,"shrimps, prawns",,rough shrimp,camaron,rimapenaeus,penaeidae,,,,,,,,