estimated_genus_name,Major_Functional_Group,Major_Functional_Group_adjusted,estimated_taxa_group,family_from_previous.keys,family_from_taxize,new_estimated_family_name,new_family_est_reasoning
Oligoplites,Anchovy & Sardine (small pelagics),Anchovy & Sardine (small pelagics),SARDINA,Carangidae,Carangidae,Carangidae,family name was estimated from previous keys
Harengula,Anchovy & Sardine (small pelagics),Anchovy & Sardine (small pelagics),SARDINA,NA,Clupeidae,Clupeidae,family name was estimated from genus name using taxize function
Opisthonema,Anchovy & Sardine (small pelagics),Anchovy & Sardine (small pelagics),SARDINA,Clupeidae,Clupeidae,Clupeidae,family name was estimated from previous keys
Sardinops,Anchovy & Sardine (small pelagics),Anchovy & Sardine (small pelagics),SARDINA,Clupeidae,Clupeidae,Clupeidae,family name was estimated from previous keys
Etrumeus,Anchovy & Sardine (small pelagics),Anchovy & Sardine (small pelagics),SARDINA,NA,Dussumieriidae,Dussumieriidae,family name was estimated from genus name using taxize function
Cetengraulis,Anchovy & Sardine (small pelagics),Anchovy & Sardine (small pelagics),SARDINA,NA,Engraulidae,Engraulidae,family name was estimated from genus name using taxize function
Engraulis,Anchovy & Sardine (small pelagics),Anchovy & Sardine (small pelagics),ANCHOVETA,Engraulidae,Engraulidae,Engraulidae,family name was estimated from previous keys
Lagodon,Anchovy & Sardine (small pelagics),Anchovy & Sardine (small pelagics),SARDINA,NA,Sparidae,Sparidae,family name was estimated from genus name using taxize function
Loligo,Cephalopods,Cephalopods,CALAMAR,NA,Loliginidae,Loliginidae,family name was estimated from genus name using taxize function
Octopus,Cephalopods,Cephalopods,PULPO,Octopodidae,Octopodidae,Octopodidae,family name was estimated from previous keys
Dosidicus,Cephalopods,Cephalopods,CALAMAR,Ommastrephidae,Ommastrephidae,Ommastrephidae,family name was estimated from previous keys
Calappa,Crustaceans,Crustaceans,OTRAS,NA,Calappidae,Calappidae,family name was estimated from genus name using taxize function
Chaceon,Crustaceans,Crustaceans,OTRAS,NA,Geryonidae,Geryonidae,family name was estimated from genus name using taxize function
Grapsus,Crustaceans,Crustaceans,OTRAS,NA,Grapsidae,Grapsidae,family name was estimated from genus name using taxize function
Ucides,Crustaceans,Crustaceans,OTRAS,NA,Ocypodidae,Ocypodidae,family name was estimated from genus name using taxize function
Pagurus,Crustaceans,Crustaceans,OTRAS,NA,Paguridae,Paguridae,family name was estimated from genus name using taxize function
Panulirus,Crustaceans,Crustaceans,LANGOSTA,Palinuridae,Palinuridae,Palinuridae,family name was estimated from previous keys
Pollicipes,Crustaceans,Crustaceans,OTRAS,Pollicipedidae,Pollicipedidae,Pollicipedidae,family name was estimated from previous keys
Callinectes,Crustaceans,Crustaceans,JAIBA,Portunidae,Portunidae,Portunidae,family name was estimated from previous keys
Evibacus,Crustaceans,Crustaceans,OTRAS,Scyllaridae,Scyllaridae,Scyllaridae,family name was estimated from previous keys
Acanthurus,Demersal marine fishes,Demersal marine fishes,OTRAS,Acanthuridae,Acanthuridae,Acanthuridae,family name was estimated from previous keys
Achirus,Demersal marine fishes,Demersal marine fishes,LENGUADO,NA,Achiridae,Achiridae,family name was estimated from genus name using taxize function
Albula,Demersal marine fishes,Demersal marine fishes,OTRAS,NA,Albulidae,Albulidae,family name was estimated from genus name using taxize function
Anoplopoma,Demersal marine fishes,Demersal marine fishes,OTRAS,Anoplopomatidae,Anoplopomatidae,Anoplopomatidae,family name was estimated from previous keys
Ariopsis,Demersal marine fishes,Demersal marine fishes,BAGRE,Ariidae,NA,Ariidae,family name was estimated from previous keys
Bagre,Demersal marine fishes,Demersal marine fishes,BANDERA,Ariidae,Ariidae,Ariidae,family name was estimated from previous keys
Balistes,Demersal marine fishes,Demersal marine fishes,CARPA,Balistidae,Balistidae,Balistidae,family name was estimated from previous keys
Perissias,Demersal marine fishes,Demersal marine fishes,OTRAS,Bothidae,NA,Bothidae,family name was estimated from previous keys
Centropomus,Demersal marine fishes,Demersal marine fishes,ROBALO,Centropomidae,Centropomidae,Centropomidae,family name was estimated from previous keys
Scorpaenichthys,Demersal marine fishes,Demersal marine fishes,OTRAS,Cottidae,Cottidae,Cottidae,family name was estimated from previous keys
Citharichthys,Demersal marine fishes,Demersal marine fishes,LENGUADO,NA,Cyclopsettidae,Cyclopsettidae,family name was estimated from genus name using taxize function
Dasyatis,Demersal marine fishes,Demersal marine fishes,RAYA Y SIMILARES,NA,Dasyatidae,Dasyatidae,family name was estimated from genus name using taxize function
Hypanus,Demersal marine fishes,Demersal marine fishes,RAYA Y SIMILARES,Dasyatidae,Dasyatidae,Dasyatidae,family name was estimated from previous keys
Elops,Demersal marine fishes,Demersal marine fishes,OTRAS,Elopidae,Elopidae,Elopidae,family name was estimated from previous keys
Chaetodipterus,Demersal marine fishes,Demersal marine fishes,OTRAS,NA,Ephippidae,Ephippidae,family name was estimated from genus name using taxize function
Parapsettus,Demersal marine fishes,Demersal marine fishes,OTRAS,Ephippidae,Ephippidae,Ephippidae,family name was estimated from previous keys
Fistularia,Demersal marine fishes,Demersal marine fishes,OTRAS,Fistulariidae,Fistulariidae,Fistulariidae,family name was estimated from previous keys
Diapterus,Demersal marine fishes,Demersal marine fishes,MOJARRA,Gerreidae,Gerreidae,Gerreidae,family name was estimated from previous keys
Eucinostomus,Demersal marine fishes,Demersal marine fishes,MOJARRA,Gerreidae,Gerreidae,Gerreidae,family name was estimated from previous keys
Eugerres,Demersal marine fishes,Demersal marine fishes,MOJARRA,Gerreidae,Gerreidae,Gerreidae,family name was estimated from previous keys
Gerres,Demersal marine fishes,Demersal marine fishes,BANDERA,Gerreidae,Gerreidae,Gerreidae,family name was estimated from previous keys
Bathygobius,Demersal marine fishes,Demersal marine fishes,OTRAS,Gobiidae,Gobiidae,Gobiidae,family name was estimated from previous keys
Gillichthys,Demersal marine fishes,Demersal marine fishes,OTRAS,NA,Gobiidae,Gobiidae,family name was estimated from genus name using taxize function
Gymnura,Demersal marine fishes,Demersal marine fishes,RAYA Y SIMILARES,Gymnuridae,Gymnuridae,Gymnuridae,family name was estimated from previous keys
Anisotremus,Demersal marine fishes,Demersal marine fishes,MOJARRA,Haemulidae,Haemulidae,Haemulidae,family name was estimated from previous keys
Haemulon,Demersal marine fishes,Demersal marine fishes,RUBIO,Haemulidae,Haemulidae,Haemulidae,family name was estimated from previous keys
Haemulopsis,Demersal marine fishes,Demersal marine fishes,RONCO,Haemulidae,Haemulidae,Haemulidae,family name was estimated from previous keys
Microlepidotus,Demersal marine fishes,Demersal marine fishes,OTRAS,Haemulidae,Haemulidae,Haemulidae,family name was estimated from previous keys
Orthopristis,Demersal marine fishes,Demersal marine fishes,OTRAS,Haemulidae,Haemulidae,Haemulidae,family name was estimated from previous keys
Pomadasys,Demersal marine fishes,Demersal marine fishes,OTRAS,Haemulidae,Haemulidae,Haemulidae,family name was estimated from previous keys
Xenichthys,Demersal marine fishes,Demersal marine fishes,OTRAS,Haemulidae,Haemulidae,Haemulidae,family name was estimated from previous keys
Holocentrus,Demersal marine fishes,Demersal marine fishes,OTRAS,NA,Holocentridae,Holocentridae,family name was estimated from genus name using taxize function
Kyphosus,Demersal marine fishes,Demersal marine fishes,OTRAS,Kyphosidae,Kyphosidae,Kyphosidae,family name was estimated from previous keys
Lamna,Demersal marine fishes,Demersal marine fishes,PETO,Lamnidae,Lamnidae,Lamnidae,family name was estimated from previous keys
Hoplopagrus,Demersal marine fishes,Demersal marine fishes,PARGO,Lutjanidae,Lutjanidae,Lutjanidae,family name was estimated from previous keys
Lutjanus,Demersal marine fishes,Demersal marine fishes,GUACHINANGO,Lutjanidae,Lutjanidae,Lutjanidae,family name was estimated from previous keys
Ocyurus,Demersal marine fishes,Demersal marine fishes,RUBIA Y VILLAJAIBA,Lutjanidae,Lutjanidae,Lutjanidae,family name was estimated from previous keys
Caulolatilus,Demersal marine fishes,Demersal marine fishes,PIERNA,Malacanthidae,Malacanthidae,Malacanthidae,family name was estimated from previous keys
Merluccius,Demersal marine fishes,Demersal marine fishes,OTRAS,Merlucciidae,Merlucciidae,Merlucciidae,family name was estimated from previous keys
Aluterus,Demersal marine fishes,Demersal marine fishes,OTRAS,Monacanthidae,Monacanthidae,Monacanthidae,family name was estimated from previous keys
Morone,Demersal marine fishes,Demersal marine fishes,ROBALO,NA,Moronidae,Moronidae,family name was estimated from genus name using taxize function
Mugil,Demersal marine fishes,Demersal marine fishes,LISA,Mugilidae,Mugilidae,Mugilidae,family name was estimated from previous keys
Mulloidichthys,Demersal marine fishes,Demersal marine fishes,LENGUADO,Mullidae,Mullidae,Mullidae,family name was estimated from previous keys
Pseudupeneus,Demersal marine fishes,Demersal marine fishes,OTRAS,Mullidae,Mullidae,Mullidae,family name was estimated from previous keys
Aetobatus,Demersal marine fishes,Demersal marine fishes,RAYA Y SIMILARES,Myliobatidae,Myliobatidae,Myliobatidae,family name was estimated from previous keys
Mobula,Demersal marine fishes,Demersal marine fishes,RAYA Y SIMILARES,Myliobatidae,Myliobatidae,Myliobatidae,family name was estimated from previous keys
Rhinoptera,Demersal marine fishes,Demersal marine fishes,RAYA Y SIMILARES,NA,Myliobatidae,Myliobatidae,family name was estimated from genus name using taxize function
Bathystoma,Demersal marine fishes,Demersal marine fishes,OTRAS,NA,NA,Haemulidae,family name was logged manually
Lujtanus,Demersal marine fishes,Demersal marine fishes,OTRAS,NA,NA,Lutjanidae,family name was logged manually
Sphoeriodes,Demersal marine fishes,Demersal marine fishes,OTRAS,NA,NA,Tetraodontidae,family name was logged manually
Nematistius,Demersal marine fishes,Demersal marine fishes,OTRAS,Nematistiidae,Nematistiidae,Nematistiidae,family name was estimated from previous keys
Brotula,Demersal marine fishes,Demersal marine fishes,LENGUADO,Ophidiidae,Ophidiidae,Ophidiidae,family name was estimated from previous keys
Opistognathus,Demersal marine fishes,Demersal marine fishes,OTRAS,Opistognathidae,Opistognathidae,Opistognathidae,family name was estimated from previous keys
Polydactylus,Demersal marine fishes,Demersal marine fishes,LISA,Polynemidae,Polynemidae,Polynemidae,family name was estimated from previous keys
Stereolepis,Demersal marine fishes,Demersal marine fishes,OTRAS,Polyprionidae,Polyprionidae,Polyprionidae,family name was estimated from previous keys
Pseudobatos,Demersal marine fishes,Demersal marine fishes,RAYA Y SIMILARES,Rhinobatidae,Rhinobatidae,Rhinobatidae,family name was estimated from previous keys
Rhinobatos,Demersal marine fishes,Demersal marine fishes,RAYA Y SIMILARES,NA,Rhinobatidae,Rhinobatidae,family name was estimated from genus name using taxize function
Nicholsina,Demersal marine fishes,Demersal marine fishes,OTRAS,Scaridae,Labridae,Scaridae,family name was estimated from previous keys
Bairdiella,Demersal marine fishes,Demersal marine fishes,OTRAS,NA,Sciaenidae,Sciaenidae,family name was estimated from genus name using taxize function
Cheilotrema,Demersal marine fishes,Demersal marine fishes,OTRAS,NA,Sciaenidae,Sciaenidae,family name was estimated from genus name using taxize function
Cynoscion,Demersal marine fishes,Demersal marine fishes,CORVINA,Sciaenidae,Sciaenidae,Sciaenidae,family name was estimated from previous keys
Larimus,Demersal marine fishes,Demersal marine fishes,CORVINA,Sciaenidae,Sciaenidae,Sciaenidae,family name was estimated from previous keys
Menticirrhus,Demersal marine fishes,Demersal marine fishes,BERRUGATA,Sciaenidae,Sciaenidae,Sciaenidae,family name was estimated from previous keys
Micropogonias,Demersal marine fishes,Demersal marine fishes,BERRUGATA,Sciaenidae,Sciaenidae,Sciaenidae,family name was estimated from previous keys
Totoaba,Demersal marine fishes,Demersal marine fishes,OTRAS,Sciaenidae,Sciaenidae,Sciaenidae,family name was estimated from previous keys
Acanthocybium,Demersal marine fishes,Demersal marine fishes,PETO,NA,Scombridae,Scombridae,family name was estimated from genus name using taxize function
Scorpaena,Demersal marine fishes,Demersal marine fishes,OTRAS,Scorpaenidae,Scorpaenidae,Scorpaenidae,family name was estimated from previous keys
Helicolenus,Demersal marine fishes,Demersal marine fishes,OTRAS,NA,Sebastidae,Sebastidae,family name was estimated from genus name using taxize function
Sebastes,Demersal marine fishes,Demersal marine fishes,OTRAS,Sebastidae,Sebastidae,Sebastidae,family name was estimated from previous keys
Alphestes,Demersal marine fishes,Demersal marine fishes,OTRAS,NA,Serranidae,Serranidae,family name was estimated from genus name using taxize function
Diplectrum,Demersal marine fishes,Demersal marine fishes,OTRAS,Serranidae,Serranidae,Serranidae,family name was estimated from previous keys
Epinephelus,Demersal marine fishes,Demersal marine fishes,MERO,Serranidae,Serranidae,Serranidae,family name was estimated from previous keys
Hyporthodus,Demersal marine fishes,Demersal marine fishes,BAQUETA,Serranidae,Serranidae,Serranidae,family name was estimated from previous keys
Mycteroperca,Demersal marine fishes,Demersal marine fishes,CABRILLA,Serranidae,Serranidae,Serranidae,family name was estimated from previous keys
Paralabrax,Demersal marine fishes,Demersal marine fishes,CABRILLA,Serranidae,Serranidae,Serranidae,family name was estimated from previous keys
Paranthias,Demersal marine fishes,Demersal marine fishes,OTRAS,Serranidae,Serranidae,Serranidae,family name was estimated from previous keys
Calamus,Demersal marine fishes,Demersal marine fishes,MOJARRA,Sparidae,NA,Sparidae,family name was estimated from previous keys
Dentex,Demersal marine fishes,Demersal marine fishes,BANDERA,NA,Sparidae,Sparidae,family name was estimated from genus name using taxize function
Diplodus,Demersal marine fishes,Demersal marine fishes,OTRAS,NA,Sparidae,Sparidae,family name was estimated from genus name using taxize function
Spondyliosoma,Demersal marine fishes,Demersal marine fishes,OTRAS,NA,Sparidae,Sparidae,family name was estimated from genus name using taxize function
Syngnathus,Demersal marine fishes,Demersal marine fishes,OTRAS,Syngnathidae,Syngnathidae,Syngnathidae,family name was estimated from previous keys
Synodus,Demersal marine fishes,Demersal marine fishes,OTRAS,Synodontidae,Synodontidae,Synodontidae,family name was estimated from previous keys
Sphoeroides,Demersal marine fishes,Demersal marine fishes,OTRAS,Tetraodontidae,Tetraodontidae,Tetraodontidae,family name was estimated from previous keys
Urotrygon,Demersal marine fishes,Demersal marine fishes,RAYA Y SIMILARES,Urotrygonidae,Urotrygonidae,Urotrygonidae,family name was estimated from previous keys
Anguilla,Diadromous fishes,Diadromous fishes,OTRAS,Anguillidae,Anguillidae,Anguillidae,family name was estimated from previous keys
Chanos,Diadromous fishes,Diadromous fishes,OTRAS,Chanidae,Chanidae,Chanidae,family name was estimated from previous keys
Luidia,Echinoderms,Echinoderms,OTRAS,NA,Luidiidae,Luidiidae,family name was estimated from genus name using taxize function
Especies,Echinoderms,Echinoderms,PEPINO DE MAR,NA,NA,Family cannot be determined; class Holothuroidea,family name was logged manually
Mesocentrotus,Echinoderms,Echinoderms,ERIZO,Strongylocentrotidae,Strongylocentrotidae,Strongylocentrotidae,family name was estimated from previous keys
Strongylocentrotus,Echinoderms,Echinoderms,ERIZO,Strongylocentrotidae,Strongylocentrotidae,Strongylocentrotidae,family name was estimated from previous keys
Stomolophus,Jellies,Jellies,OTRAS,NA,Stomolophidae,Stomolophidae,family name was estimated from genus name using taxize function
Gelidium,Marine algae,Marine algae,ALGAS,NA,Gelidiaceae,Gelidiaceae,family name was estimated from genus name using taxize function
Eucheuma,Marine algae,Marine algae,ALGAS,NA,Solieriaceae,Solieriaceae,family name was estimated from genus name using taxize function
Chirostoma,Marine fishes NEI,Marine fishes NEI,CHARAL,NA,Atherinopsidae,Atherinopsidae,family name was estimated from genus name using taxize function
Triplofusus,Molluscs excl. Cephalopods,Molluscs excl. Cephalopods,CARACOL,Fasciolariidae,Fasciolariidae,Fasciolariidae,family name was estimated from previous keys
Megathura,Molluscs excl. Cephalopods,Molluscs excl. Cephalopods,CARACOL,Fissurellidae,Fissurellidae,Fissurellidae,family name was estimated from previous keys
Haliotis,Molluscs excl. Cephalopods,Molluscs excl. Cephalopods,ABULON,Haliotidae,Haliotidae,Haliotidae,family name was estimated from previous keys
Panopea,Molluscs excl. Cephalopods,Molluscs excl. Cephalopods,ALMEJA,Hiatellidae,Hiatellidae,Hiatellidae,family name was estimated from previous keys
Hexaplex,Molluscs excl. Cephalopods,Molluscs excl. Cephalopods,CARACOL,Muricidae,Muricidae,Muricidae,family name was estimated from previous keys
Mytilus,Molluscs excl. Cephalopods,Molluscs excl. Cephalopods,OTRAS,Mytilidae,Mytilidae,Mytilidae,family name was estimated from previous keys
Amiantis,Molluscs excl. Cephalopods,Molluscs excl. Cephalopods,ALMEJA,NA,NA,Veneridae,family name was logged manually
Crassostrea,Molluscs excl. Cephalopods,Molluscs excl. Cephalopods,OSTION,Ostreidae,Ostreidae,Ostreidae,family name was estimated from previous keys
Magallana,Molluscs excl. Cephalopods,Molluscs excl. Cephalopods,OSTION,Ostreidae,NA,Ostreidae,family name was estimated from previous keys
Argopecten,Molluscs excl. Cephalopods,Molluscs excl. Cephalopods,ALMEJA,Pectinidae,Pectinidae,Pectinidae,family name was estimated from previous keys
Atrina,Molluscs excl. Cephalopods,Molluscs excl. Cephalopods,OTRAS,NA,Pinnidae,Pinnidae,family name was estimated from genus name using taxize function
Pinna,Molluscs excl. Cephalopods,Molluscs excl. Cephalopods,OTRAS,NA,Pinnidae,Pinnidae,family name was estimated from genus name using taxize function
Lobatus,Molluscs excl. Cephalopods,Molluscs excl. Cephalopods,CARACOL,Strombidae,Strombidae,Strombidae,family name was estimated from previous keys
Turbinella,Molluscs excl. Cephalopods,Molluscs excl. Cephalopods,CARACOL,NA,Turbinellidae,Turbinellidae,family name was estimated from genus name using taxize function
Megastraea,Molluscs excl. Cephalopods,Molluscs excl. Cephalopods,CARACOL,Turbinidae,Turbinidae,Turbinidae,family name was estimated from previous keys
Turbo,Molluscs excl. Cephalopods,Molluscs excl. Cephalopods,CARACOL,Turbinidae,Turbinidae,Turbinidae,family name was estimated from previous keys
Chione,Molluscs excl. Cephalopods,Molluscs excl. Cephalopods,ALMEJA,Veneridae,NA,Veneridae,family name was estimated from previous keys
Dosinia,Molluscs excl. Cephalopods,Molluscs excl. Cephalopods,ALMEJA,Veneridae,Veneridae,Veneridae,family name was estimated from previous keys
Megapitaria,Molluscs excl. Cephalopods,Molluscs excl. Cephalopods,ALMEJA,Veneridae,Veneridae,Veneridae,family name was estimated from previous keys
Actinia,Other marine invertebrates,Other marine invertebrates,OTRAS,NA,Actiniidae,Actiniidae,family name was estimated from genus name using taxize function
Atherinopsis,Pelagic marine fish (excl. anchovy & sardine),Pelagic marine fish (excl. anchovy & sardine),JUREL,Atherinopsidae,Atherinopsidae,Atherinopsidae,family name was estimated from previous keys
Ablennes,Pelagic marine fish (excl. anchovy & sardine),Pelagic marine fish (excl. anchovy & sardine),OTRAS,Belonidae,Belonidae,Belonidae,family name was estimated from previous keys
Belone,Pelagic marine fish (excl. anchovy & sardine),Pelagic marine fish (excl. anchovy & sardine),OTRAS,NA,Belonidae,Belonidae,family name was estimated from genus name using taxize function
Strongylura,Pelagic marine fish (excl. anchovy & sardine),Pelagic marine fish (excl. anchovy & sardine),OTRAS,Belonidae,Belonidae,Belonidae,family name was estimated from previous keys
Caranx,Pelagic marine fish (excl. anchovy & sardine),Pelagic marine fish (excl. anchovy & sardine),BONITO,Carangidae,Carangidae,Carangidae,family name was estimated from previous keys
Chloroscombrus,Pelagic marine fish (excl. anchovy & sardine),Pelagic marine fish (excl. anchovy & sardine),OTRAS,Carangidae,Carangidae,Carangidae,family name was estimated from previous keys
Decapterus,Pelagic marine fish (excl. anchovy & sardine),Pelagic marine fish (excl. anchovy & sardine),JUREL,Carangidae,Carangidae,Carangidae,family name was estimated from previous keys
Gnathanodon,Pelagic marine fish (excl. anchovy & sardine),Pelagic marine fish (excl. anchovy & sardine),PAMPANO,Carangidae,Carangidae,Carangidae,family name was estimated from previous keys
Hemicaranx,Pelagic marine fish (excl. anchovy & sardine),Pelagic marine fish (excl. anchovy & sardine),OTRAS,Carangidae,Carangidae,Carangidae,family name was estimated from previous keys
Sarda,Pelagic marine fish (excl. anchovy & sardine),Pelagic marine fish (excl. anchovy & sardine),BONITO,Carangidae,Scombridae,Carangidae,family name was estimated from previous keys
Selar,Pelagic marine fish (excl. anchovy & sardine),Pelagic marine fish (excl. anchovy & sardine),OTRAS,Carangidae,Carangidae,Carangidae,family name was estimated from previous keys
Selene,Pelagic marine fish (excl. anchovy & sardine),Pelagic marine fish (excl. anchovy & sardine),RONCO,Carangidae,Carangidae,Carangidae,family name was estimated from previous keys
Seriola,Pelagic marine fish (excl. anchovy & sardine),Pelagic marine fish (excl. anchovy & sardine),ESMEDREGAL,Carangidae,Carangidae,Carangidae,family name was estimated from previous keys
Trachinotus,Pelagic marine fish (excl. anchovy & sardine),Pelagic marine fish (excl. anchovy & sardine),PAMPANO,Carangidae,Carangidae,Carangidae,family name was estimated from previous keys
Brevoortia,Pelagic marine fish (excl. anchovy & sardine),Pelagic marine fish (excl. anchovy & sardine),OTRAS,NA,Clupeidae,Clupeidae,family name was estimated from genus name using taxize function
Ethmidium,Pelagic marine fish (excl. anchovy & sardine),Pelagic marine fish (excl. anchovy & sardine),OTRAS,NA,Clupeidae,Clupeidae,family name was estimated from genus name using taxize function
Coryphaena,Pelagic marine fish (excl. anchovy & sardine),Pelagic marine fish (excl. anchovy & sardine),OTRAS,Coryphaenidae,Coryphaenidae,Coryphaenidae,family name was estimated from previous keys
Hemiramphus,Pelagic marine fish (excl. anchovy & sardine),Pelagic marine fish (excl. anchovy & sardine),OTRAS,NA,Hemiramphidae,Hemiramphidae,family name was estimated from genus name using taxize function
Istiophorus,Pelagic marine fish (excl. anchovy & sardine),Pelagic marine fish (excl. anchovy & sardine),OTRAS,Istiophoridae,Istiophoridae,Istiophoridae,family name was estimated from previous keys
Makaira,Pelagic marine fish (excl. anchovy & sardine),Pelagic marine fish (excl. anchovy & sardine),OTRAS,NA,Istiophoridae,Istiophoridae,family name was estimated from genus name using taxize function
Tetrapturus,Pelagic marine fish (excl. anchovy & sardine),Pelagic marine fish (excl. anchovy & sardine),OTRAS,NA,Istiophoridae,Istiophoridae,family name was estimated from genus name using taxize function
Hemirhamphus,Pelagic marine fish (excl. anchovy & sardine),Pelagic marine fish (excl. anchovy & sardine),OTRAS,NA,NA,Hemiramphidae,family name was logged manually
Abudefduf,Pelagic marine fish (excl. anchovy & sardine),Pelagic marine fish (excl. anchovy & sardine),OTRAS,Pomacentridae,Pomacentridae,Pomacentridae,family name was estimated from previous keys
Euthynnus,Pelagic marine fish (excl. anchovy & sardine),Pelagic marine fish (excl. anchovy & sardine),BARRILETE,Scombridae,Scombridae,Scombridae,family name was estimated from previous keys
Katsuwonus,Pelagic marine fish (excl. anchovy & sardine),Pelagic marine fish (excl. anchovy & sardine),BARRILETE,Scombridae,Scombridae,Scombridae,family name was estimated from previous keys
Scomber,Pelagic marine fish (excl. anchovy & sardine),Pelagic marine fish (excl. anchovy & sardine),MACARELA,Scombridae,Scombridae,Scombridae,family name was estimated from previous keys
Scomberomorus,Pelagic marine fish (excl. anchovy & sardine),Pelagic marine fish (excl. anchovy & sardine),SIERRA,Scombridae,Scombridae,Scombridae,family name was estimated from previous keys
Thunnus,Pelagic marine fish (excl. anchovy & sardine),Pelagic marine fish (excl. anchovy & sardine),ATUN,Scombridae,Scombridae,Scombridae,family name was estimated from previous keys
Sphyraena,Pelagic marine fish (excl. anchovy & sardine),Pelagic marine fish (excl. anchovy & sardine),OTRAS,Sphyraenidae,Sphyraenidae,Sphyraenidae,family name was estimated from previous keys
Peprilus,Pelagic marine fish (excl. anchovy & sardine),Pelagic marine fish (excl. anchovy & sardine),OTRAS,Stromateidae,Stromateidae,Stromateidae,family name was estimated from previous keys
Trichiurus,Pelagic marine fish (excl. anchovy & sardine),Pelagic marine fish (excl. anchovy & sardine),CINTILLA,Trichiuridae,Trichiuridae,Trichiuridae,family name was estimated from previous keys
Xiphias,Pelagic marine fish (excl. anchovy & sardine),Pelagic marine fish (excl. anchovy & sardine),OTRAS,Xiphiidae,Xiphiidae,Xiphiidae,family name was estimated from previous keys
Alopias,Sharks,Large sharks,TIBURON,Alopiidae,Alopiidae,Alopiidae,family name was estimated from previous keys
Carcahrhinus,Sharks,Medium-Large sharks,TIBURON,Carcharhinidae,NA,Carcharhinidae,family name was estimated from previous keys
Carcharhinus,Sharks,Medium-Large sharks,TIBURON,Carcharhinidae,Carcharhinidae,Carcharhinidae,family name was estimated from previous keys
Galeocerdo,Sharks,Large sharks,TIBURON,Carcharhinidae,Carcharhinidae,Carcharhinidae,family name was estimated from previous keys
Nasolamia,Sharks,Small sharks,TIBURON,Carcharhinidae,Carcharhinidae,Carcharhinidae,family name was estimated from previous keys
Negaprion,Sharks,Large sharks,TIBURON,Carcharhinidae,Carcharhinidae,Carcharhinidae,family name was estimated from previous keys
Prionace,Sharks,Large sharks,TIBURON,Carcharhinidae,Carcharhinidae,Carcharhinidae,family name was estimated from previous keys
Rhizoprionodon,Sharks,Small sharks,CAZON,Carcharhinidae,Carcharhinidae,Carcharhinidae,family name was estimated from previous keys
Echinorhinus,Sharks,Large sharks,TIBURON,Echinorhinidae,Echinorhinidae,Echinorhinidae,family name was estimated from previous keys
Ginglymostoma,Sharks,Medium-Large sharks,TIBURON,Ginglymostomatidae,Ginglymostomatidae,Ginglymostomatidae,family name was estimated from previous keys
Isurus,Sharks,Large sharks,TIBURON,Lamnidae,Lamnidae,Lamnidae,family name was estimated from previous keys
Rhizorionodon,Sharks,Small sharks,CAZON,NA,NA,Carcharhinidae,family name was logged manually
Sypyrna,Sharks,Large sharks,TIBURON,NA,NA,Sphyrnidae,family name was logged manually
Pristis,Sharks,Large sharks,OTRAS,NA,Pristidae,Pristidae,family name was estimated from genus name using taxize function
Pseudocarcharias,Sharks,Small sharks,OTRAS,NA,Pseudocarchariidae,Pseudocarchariidae,family name was estimated from genus name using taxize function
Sphyrna,Sharks,Large sharks,TIBURON,Sphyrnidae,Carcharhinidae,Sphyrnidae,family name was estimated from previous keys
Squatina,Sharks,Medium-Large sharks,TIBURON,Squatinidae,Squatinidae,Squatinidae,family name was estimated from previous keys
Galeorhinus,Sharks,Medium-Large sharks,TIBURON,Triakidae,Triakidae,Triakidae,family name was estimated from previous keys
Mustelus,Sharks,Small sharks,TIBURON,Triakidae,Triakidae,Triakidae,family name was estimated from previous keys
Triakis,Sharks,Small sharks,TIBURON,NA,Triakidae,Triakidae,family name was estimated from genus name using taxize function
Farfantepenaeus,"Shrimps, prawns","Shrimps, prawns",CAMARON,NA,Penaeidae,Penaeidae,family name was estimated from genus name using taxize function
Litopenaeus,"Shrimps, prawns","Shrimps, prawns",CAMARON,Penaeidae,Penaeidae,Penaeidae,family name was estimated from previous keys
Metapenaeus,"Shrimps, prawns","Shrimps, prawns",CAMARON,NA,Penaeidae,Penaeidae,family name was estimated from genus name using taxize function
Penaeus,"Shrimps, prawns","Shrimps, prawns",CAMARON,Penaeidae,Penaeidae,Penaeidae,family name was estimated from previous keys
Rimapenaeus,"Shrimps, prawns","Shrimps, prawns",CAMARON,Penaeidae,Penaeidae,Penaeidae,family name was estimated from previous keys
Xiphopenaeus,"Shrimps, prawns","Shrimps, prawns",CAMARON,NA,Penaeidae,Penaeidae,family name was estimated from genus name using taxize function
Sicyonia,"Shrimps, prawns","Shrimps, prawns",CAMARON,Sicyoniidae,Sicyoniidae,Sicyoniidae,family name was estimated from previous keys