"OHI_region","year","mean_NRSI","n_reefs","OHI_region_name","provenance","n_regions_observed"
"region_1",1998,NA,NA,"Western Upper Gulf",NA,NA
"region_1",1999,NA,NA,"Western Upper Gulf",NA,NA
"region_1",2000,NA,NA,"Western Upper Gulf",NA,NA
"region_1",2001,NA,NA,"Western Upper Gulf",NA,NA
"region_1",2002,NA,NA,"Western Upper Gulf",NA,NA
"region_1",2003,NA,NA,"Western Upper Gulf",NA,NA
"region_1",2004,NA,NA,"Western Upper Gulf",NA,NA
"region_1",2005,NA,NA,"Western Upper Gulf",NA,NA
"region_1",2006,NA,NA,"Western Upper Gulf",NA,NA
"region_1",2007,NA,NA,"Western Upper Gulf",NA,NA
"region_1",2008,NA,NA,"Western Upper Gulf",NA,NA
"region_1",2009,NA,NA,"Western Upper Gulf",NA,NA
"region_1",2010,NA,NA,"Western Upper Gulf",NA,NA
"region_1",2011,NA,NA,"Western Upper Gulf",NA,NA
"region_1",2012,NA,NA,"Western Upper Gulf",NA,NA
"region_1",2013,NA,NA,"Western Upper Gulf",NA,NA
"region_1",2014,NA,NA,"Western Upper Gulf",NA,NA
"region_1",2015,NA,NA,"Western Upper Gulf",NA,NA
"region_1",2016,NA,NA,"Western Upper Gulf",NA,NA
"region_1",2017,NA,NA,"Western Upper Gulf",NA,NA
"region_1",2018,NA,NA,"Western Upper Gulf",NA,NA
"region_1",2019,NA,NA,"Western Upper Gulf",NA,NA
"region_1",2020,NA,NA,"Western Upper Gulf",NA,NA
"region_1",2021,NA,NA,"Western Upper Gulf",NA,NA
"region_1",2022,NA,NA,"Western Upper Gulf",NA,NA
"region_1",2023,NA,NA,"Western Upper Gulf",NA,NA
"region_1",2024,NA,NA,"Western Upper Gulf",NA,NA
"region_1",2025,NA,NA,"Western Upper Gulf",NA,NA
"region_2",1998,NA,NA,"Western Midriff Islands",NA,NA
"region_2",1999,0.351869681750873,1,"Western Midriff Islands","observed",NA
"region_2",2000,0.31193512916691,NA,"Western Midriff Islands","gapfilled",NA
"region_2",2001,0.272000576582947,NA,"Western Midriff Islands","gapfilled",NA
"region_2",2002,0.232066023998983,NA,"Western Midriff Islands","gapfilled",NA
"region_2",2003,0.19213147141502,NA,"Western Midriff Islands","gapfilled",NA
"region_2",2004,0.152196918831057,NA,"Western Midriff Islands","gapfilled",NA
"region_2",2005,0.112262366247094,8,"Western Midriff Islands","observed",NA
"region_2",2006,0.320160459888497,8,"Western Midriff Islands","observed",NA
"region_2",2007,0.19221049135458,8,"Western Midriff Islands","observed",NA
"region_2",2008,0.138433127321191,20,"Western Midriff Islands","observed",NA
"region_2",2009,0.254781456307629,13,"Western Midriff Islands","observed",NA
"region_2",2010,0.217339609299358,13,"Western Midriff Islands","observed",NA
"region_2",2011,0.244137694812911,NA,"Western Midriff Islands","gapfilled",NA
"region_2",2012,0.270935780326465,NA,"Western Midriff Islands","gapfilled",NA
"region_2",2013,0.297733865840018,NA,"Western Midriff Islands","gapfilled",NA
"region_2",2014,0.324531951353571,NA,"Western Midriff Islands","gapfilled",NA
"region_2",2015,0.351330036867125,NA,"Western Midriff Islands","gapfilled",NA
"region_2",2016,0.378128122380678,6,"Western Midriff Islands","observed",NA
"region_2",2017,0.373786999002252,NA,"Western Midriff Islands","gapfilled",NA
"region_2",2018,0.369445875623827,NA,"Western Midriff Islands","gapfilled",NA
"region_2",2019,0.365104752245401,NA,"Western Midriff Islands","gapfilled",NA
"region_2",2020,0.360763628866976,NA,"Western Midriff Islands","gapfilled",NA
"region_2",2021,0.35642250548855,NA,"Western Midriff Islands","gapfilled",NA
"region_2",2022,0.352081382110125,NA,"Western Midriff Islands","gapfilled",NA
"region_2",2023,0.347740258731699,18,"Western Midriff Islands","observed",NA
"region_2",2024,NA,NA,"Western Midriff Islands",NA,NA
"region_2",2025,NA,NA,"Western Midriff Islands",NA,NA
"region_3",1998,NA,NA,"Western Central Gulf",NA,NA
"region_3",1999,0.27954073142362,3,"Western Central Gulf","observed",NA
"region_3",2000,0.281763446997598,NA,"Western Central Gulf","gapfilled",NA
"region_3",2001,0.283986162571575,NA,"Western Central Gulf","gapfilled",NA
"region_3",2002,0.286208878145552,NA,"Western Central Gulf","gapfilled",NA
"region_3",2003,0.288431593719529,NA,"Western Central Gulf","gapfilled",NA
"region_3",2004,0.290654309293506,NA,"Western Central Gulf","gapfilled",NA
"region_3",2005,0.292877024867483,NA,"Western Central Gulf","gapfilled",NA
"region_3",2006,0.295099740441461,NA,"Western Central Gulf","gapfilled",NA
"region_3",2007,0.297322456015438,NA,"Western Central Gulf","gapfilled",NA
"region_3",2008,0.299545171589415,NA,"Western Central Gulf","gapfilled",NA
"region_3",2009,0.301767887163392,9,"Western Central Gulf","observed",NA
"region_3",2010,0.319032951745583,6,"Western Central Gulf","observed",NA
"region_3",2011,0.354956640487353,NA,"Western Central Gulf","gapfilled",NA
"region_3",2012,0.390880329229123,NA,"Western Central Gulf","gapfilled",NA
"region_3",2013,0.426804017970894,NA,"Western Central Gulf","gapfilled",NA
"region_3",2014,0.462727706712664,NA,"Western Central Gulf","gapfilled",NA
"region_3",2015,0.498651395454434,NA,"Western Central Gulf","gapfilled",NA
"region_3",2016,0.534575084196204,3,"Western Central Gulf","observed",NA
"region_3",2017,0.409241479023485,NA,"Western Central Gulf","gapfilled",NA
"region_3",2018,0.283907873850766,NA,"Western Central Gulf","gapfilled",NA
"region_3",2019,0.158574268678047,20,"Western Central Gulf","observed",NA
"region_3",2020,0.194666332747557,NA,"Western Central Gulf","gapfilled",NA
"region_3",2021,0.230758396817066,8,"Western Central Gulf","observed",NA
"region_3",2022,0.295105313504844,10,"Western Central Gulf","observed",NA
"region_3",2023,0.319753173935379,10,"Western Central Gulf","observed",NA
"region_3",2024,0.238835740501242,NA,"Western Central Gulf","gapfilled",NA
"region_3",2025,0.157918307067105,7,"Western Central Gulf","observed",NA
"region_4",1998,0.28611612758457,22,"Western Southern Gulf","observed",NA
"region_4",1999,0.440791847741094,33,"Western Southern Gulf","observed",NA
"region_4",2000,0.427736124903852,24,"Western Southern Gulf","observed",NA
"region_4",2001,0.34157078911807,27,"Western Southern Gulf","observed",NA
"region_4",2002,0.389147794978708,20,"Western Southern Gulf","observed",NA
"region_4",2003,0.385263314211999,20,"Western Southern Gulf","observed",NA
"region_4",2004,0.353709871266738,22,"Western Southern Gulf","observed",NA
"region_4",2005,0.337139993307605,21,"Western Southern Gulf","observed",NA
"region_4",2006,0.415227281406616,22,"Western Southern Gulf","observed",NA
"region_4",2007,0.36854235548481,22,"Western Southern Gulf","observed",NA
"region_4",2008,0.37856648536836,20,"Western Southern Gulf","observed",NA
"region_4",2009,0.380779890265923,57,"Western Southern Gulf","observed",NA
"region_4",2010,0.418126840360412,45,"Western Southern Gulf","observed",NA
"region_4",2011,0.406530112452839,74,"Western Southern Gulf","observed",NA
"region_4",2012,0.48346062863762,47,"Western Southern Gulf","observed",NA
"region_4",2013,0.369999608547909,114,"Western Southern Gulf","observed",NA
"region_4",2014,0.456262479256728,68,"Western Southern Gulf","observed",NA
"region_4",2015,0.423919238330541,71,"Western Southern Gulf","observed",NA
"region_4",2016,0.3841730338496,72,"Western Southern Gulf","observed",NA
"region_4",2017,0.447868022179278,71,"Western Southern Gulf","observed",NA
"region_4",2018,0.439288743134215,88,"Western Southern Gulf","observed",NA
"region_4",2019,0.420742637318066,85,"Western Southern Gulf","observed",NA
"region_4",2020,0.603490425066368,13,"Western Southern Gulf","observed",NA
"region_4",2021,0.360116592662724,67,"Western Southern Gulf","observed",NA
"region_4",2022,0.340529661013926,65,"Western Southern Gulf","observed",NA
"region_4",2023,0.334412201086926,86,"Western Southern Gulf","observed",NA
"region_4",2024,0.293484612017126,74,"Western Southern Gulf","observed",NA
"region_4",2025,0.351889400363873,41,"Western Southern Gulf","observed",NA
"region_5",1998,NA,NA,"Eastern Upper Gulf",NA,NA
"region_5",1999,NA,NA,"Eastern Upper Gulf",NA,NA
"region_5",2000,NA,NA,"Eastern Upper Gulf",NA,NA
"region_5",2001,NA,NA,"Eastern Upper Gulf",NA,NA
"region_5",2002,NA,NA,"Eastern Upper Gulf",NA,NA
"region_5",2003,NA,NA,"Eastern Upper Gulf",NA,NA
"region_5",2004,NA,NA,"Eastern Upper Gulf",NA,NA
"region_5",2005,NA,NA,"Eastern Upper Gulf",NA,NA
"region_5",2006,NA,NA,"Eastern Upper Gulf",NA,NA
"region_5",2007,NA,NA,"Eastern Upper Gulf",NA,NA
"region_5",2008,NA,NA,"Eastern Upper Gulf",NA,NA
"region_5",2009,NA,NA,"Eastern Upper Gulf",NA,NA
"region_5",2010,NA,NA,"Eastern Upper Gulf",NA,NA
"region_5",2011,NA,NA,"Eastern Upper Gulf",NA,NA
"region_5",2012,NA,NA,"Eastern Upper Gulf",NA,NA
"region_5",2013,NA,NA,"Eastern Upper Gulf",NA,NA
"region_5",2014,NA,NA,"Eastern Upper Gulf",NA,NA
"region_5",2015,NA,NA,"Eastern Upper Gulf",NA,NA
"region_5",2016,NA,NA,"Eastern Upper Gulf",NA,NA
"region_5",2017,NA,NA,"Eastern Upper Gulf",NA,NA
"region_5",2018,NA,NA,"Eastern Upper Gulf",NA,NA
"region_5",2019,NA,NA,"Eastern Upper Gulf",NA,NA
"region_5",2020,NA,NA,"Eastern Upper Gulf",NA,NA
"region_5",2021,NA,NA,"Eastern Upper Gulf",NA,NA
"region_5",2022,NA,NA,"Eastern Upper Gulf",NA,NA
"region_5",2023,NA,NA,"Eastern Upper Gulf",NA,NA
"region_5",2024,NA,NA,"Eastern Upper Gulf",NA,NA
"region_5",2025,NA,NA,"Eastern Upper Gulf",NA,NA
"region_6",1998,NA,NA,"Eastern Midriff Islands",NA,NA
"region_6",1999,0.220141797146357,3,"Eastern Midriff Islands","observed",NA
"region_6",2000,0.225049113764159,NA,"Eastern Midriff Islands","gapfilled",NA
"region_6",2001,0.229956430381961,NA,"Eastern Midriff Islands","gapfilled",NA
"region_6",2002,0.234863746999764,NA,"Eastern Midriff Islands","gapfilled",NA
"region_6",2003,0.239771063617566,NA,"Eastern Midriff Islands","gapfilled",NA
"region_6",2004,0.244678380235368,NA,"Eastern Midriff Islands","gapfilled",NA
"region_6",2005,0.24958569685317,NA,"Eastern Midriff Islands","gapfilled",NA
"region_6",2006,0.254493013470972,NA,"Eastern Midriff Islands","gapfilled",NA
"region_6",2007,0.259400330088774,NA,"Eastern Midriff Islands","gapfilled",NA
"region_6",2008,0.264307646706576,NA,"Eastern Midriff Islands","gapfilled",NA
"region_6",2009,0.269214963324379,5,"Eastern Midriff Islands","observed",NA
"region_6",2010,0.287214224432375,2,"Eastern Midriff Islands","observed",NA
"region_6",2011,0.271966949095333,NA,"Eastern Midriff Islands","gapfilled",NA
"region_6",2012,0.256719673758292,NA,"Eastern Midriff Islands","gapfilled",NA
"region_6",2013,0.241472398421251,NA,"Eastern Midriff Islands","gapfilled",NA
"region_6",2014,0.22622512308421,NA,"Eastern Midriff Islands","gapfilled",NA
"region_6",2015,0.210977847747168,NA,"Eastern Midriff Islands","gapfilled",NA
"region_6",2016,0.195730572410127,2,"Eastern Midriff Islands","observed",NA
"region_6",2017,0.210286560717522,NA,"Eastern Midriff Islands","gapfilled",NA
"region_6",2018,0.224842549024917,NA,"Eastern Midriff Islands","gapfilled",NA
"region_6",2019,0.239398537332313,NA,"Eastern Midriff Islands","gapfilled",NA
"region_6",2020,0.253954525639708,NA,"Eastern Midriff Islands","gapfilled",NA
"region_6",2021,0.268510513947103,NA,"Eastern Midriff Islands","gapfilled",NA
"region_6",2022,0.283066502254498,NA,"Eastern Midriff Islands","gapfilled",NA
"region_6",2023,0.297622490561894,6,"Eastern Midriff Islands","observed",NA
"region_6",2024,NA,NA,"Eastern Midriff Islands",NA,NA
"region_6",2025,NA,NA,"Eastern Midriff Islands",NA,NA
"region_7",1998,NA,NA,"Southern Sonora Coast",NA,NA
"region_7",1999,0.264004151663449,2,"Southern Sonora Coast","observed",NA
"region_7",2000,NA,NA,"Southern Sonora Coast",NA,NA
"region_7",2001,NA,NA,"Southern Sonora Coast",NA,NA
"region_7",2002,NA,NA,"Southern Sonora Coast",NA,NA
"region_7",2003,NA,NA,"Southern Sonora Coast",NA,NA
"region_7",2004,NA,NA,"Southern Sonora Coast",NA,NA
"region_7",2005,NA,NA,"Southern Sonora Coast",NA,NA
"region_7",2006,NA,NA,"Southern Sonora Coast",NA,NA
"region_7",2007,NA,NA,"Southern Sonora Coast",NA,NA
"region_7",2008,NA,NA,"Southern Sonora Coast",NA,NA
"region_7",2009,NA,NA,"Southern Sonora Coast",NA,NA
"region_7",2010,NA,NA,"Southern Sonora Coast",NA,NA
"region_7",2011,NA,NA,"Southern Sonora Coast",NA,NA
"region_7",2012,NA,NA,"Southern Sonora Coast",NA,NA
"region_7",2013,NA,NA,"Southern Sonora Coast",NA,NA
"region_7",2014,NA,NA,"Southern Sonora Coast",NA,NA
"region_7",2015,NA,NA,"Southern Sonora Coast",NA,NA
"region_7",2016,NA,NA,"Southern Sonora Coast",NA,NA
"region_7",2017,NA,NA,"Southern Sonora Coast",NA,NA
"region_7",2018,NA,NA,"Southern Sonora Coast",NA,NA
"region_7",2019,NA,NA,"Southern Sonora Coast",NA,NA
"region_7",2020,NA,NA,"Southern Sonora Coast",NA,NA
"region_7",2021,NA,NA,"Southern Sonora Coast",NA,NA
"region_7",2022,NA,NA,"Southern Sonora Coast",NA,NA
"region_7",2023,NA,NA,"Southern Sonora Coast",NA,NA
"region_7",2024,NA,NA,"Southern Sonora Coast",NA,NA
"region_7",2025,NA,NA,"Southern Sonora Coast",NA,NA
"region_8",1998,NA,NA,"Sinaloa Coast",NA,NA
"region_8",1999,NA,NA,"Sinaloa Coast",NA,NA
"region_8",2000,NA,NA,"Sinaloa Coast",NA,NA
"region_8",2001,NA,NA,"Sinaloa Coast",NA,NA
"region_8",2002,NA,NA,"Sinaloa Coast",NA,NA
"region_8",2003,NA,NA,"Sinaloa Coast",NA,NA
"region_8",2004,NA,NA,"Sinaloa Coast",NA,NA
"region_8",2005,NA,NA,"Sinaloa Coast",NA,NA
"region_8",2006,NA,NA,"Sinaloa Coast",NA,NA
"region_8",2007,NA,NA,"Sinaloa Coast",NA,NA
"region_8",2008,NA,NA,"Sinaloa Coast",NA,NA
"region_8",2009,NA,NA,"Sinaloa Coast",NA,NA
"region_8",2010,NA,NA,"Sinaloa Coast",NA,NA
"region_8",2011,NA,NA,"Sinaloa Coast",NA,NA
"region_8",2012,NA,NA,"Sinaloa Coast",NA,NA
"region_8",2013,NA,NA,"Sinaloa Coast",NA,NA
"region_8",2014,NA,NA,"Sinaloa Coast",NA,NA
"region_8",2015,NA,NA,"Sinaloa Coast",NA,NA
"region_8",2016,NA,NA,"Sinaloa Coast",NA,NA
"region_8",2017,NA,NA,"Sinaloa Coast",NA,NA
"region_8",2018,NA,NA,"Sinaloa Coast",NA,NA
"region_8",2019,NA,NA,"Sinaloa Coast",NA,NA
"region_8",2020,NA,NA,"Sinaloa Coast",NA,NA
"region_8",2021,NA,NA,"Sinaloa Coast",NA,NA
"region_8",2022,NA,NA,"Sinaloa Coast",NA,NA
"region_8",2023,NA,NA,"Sinaloa Coast",NA,NA
"region_8",2024,NA,NA,"Sinaloa Coast",NA,NA
"region_8",2025,NA,NA,"Sinaloa Coast",NA,NA
"region_9",1998,NA,NA,"Southeastern Gulf",NA,NA
"region_9",1999,NA,NA,"Southeastern Gulf",NA,NA
"region_9",2000,NA,NA,"Southeastern Gulf",NA,NA
"region_9",2001,NA,NA,"Southeastern Gulf",NA,NA
"region_9",2002,NA,NA,"Southeastern Gulf",NA,NA
"region_9",2003,NA,NA,"Southeastern Gulf",NA,NA
"region_9",2004,NA,NA,"Southeastern Gulf",NA,NA
"region_9",2005,NA,NA,"Southeastern Gulf",NA,NA
"region_9",2006,NA,NA,"Southeastern Gulf",NA,NA
"region_9",2007,NA,NA,"Southeastern Gulf",NA,NA
"region_9",2008,NA,NA,"Southeastern Gulf",NA,NA
"region_9",2009,NA,NA,"Southeastern Gulf",NA,NA
"region_9",2010,0.406805823157099,24,"Southeastern Gulf","observed",NA
"region_9",2011,0.374670473333051,NA,"Southeastern Gulf","gapfilled",NA
"region_9",2012,0.342535123509002,NA,"Southeastern Gulf","gapfilled",NA
"region_9",2013,0.310399773684954,7,"Southeastern Gulf","observed",NA
"region_9",2014,0.328789797339178,NA,"Southeastern Gulf","gapfilled",NA
"region_9",2015,0.347179820993403,NA,"Southeastern Gulf","gapfilled",NA
"region_9",2016,0.365569844647627,NA,"Southeastern Gulf","gapfilled",NA
"region_9",2017,0.383959868301852,NA,"Southeastern Gulf","gapfilled",NA
"region_9",2018,0.402349891956076,22,"Southeastern Gulf","observed",NA
"region_9",2019,NA,NA,"Southeastern Gulf",NA,NA
"region_9",2020,NA,NA,"Southeastern Gulf",NA,NA
"region_9",2021,NA,NA,"Southeastern Gulf",NA,NA
"region_9",2022,NA,NA,"Southeastern Gulf",NA,NA
"region_9",2023,NA,NA,"Southeastern Gulf",NA,NA
"region_9",2024,NA,NA,"Southeastern Gulf",NA,NA
"region_9",2025,NA,NA,"Southeastern Gulf",NA,NA
"global average",1998,0.28611612758457,22,"global average","partially_observed",1
"global average",1999,0.311269641945079,42,"global average","partially_observed",5
"global average",2000,0.31162095370813,24,"global average","partially_observed",1
"global average",2001,0.281878489663638,27,"global average","partially_observed",1
"global average",2002,0.285571611030752,20,"global average","partially_observed",1
"global average",2003,0.276399360741028,20,"global average","partially_observed",1
"global average",2004,0.260309869906667,22,"global average","partially_observed",1
"global average",2005,0.247966270318838,29,"global average","partially_observed",2
"global average",2006,0.321245123801886,30,"global average","partially_observed",2
"global average",2007,0.2793689082359,30,"global average","partially_observed",2
"global average",2008,0.270213107746386,40,"global average","partially_observed",2
"global average",2009,0.301636049265331,84,"global average","partially_observed",4
"global average",2010,0.329703889798965,90,"global average","partially_observed",5
"global average",2011,0.330452374036298,74,"global average","partially_observed",1
"global average",2012,0.3489063070921,47,"global average","partially_observed",1
"global average",2013,0.329281932893005,121,"global average","partially_observed",2
"global average",2014,0.35970741154927,68,"global average","partially_observed",1
"global average",2015,0.366411667878534,71,"global average","partially_observed",1
"global average",2016,0.371635331496847,83,"global average","partially_observed",4
"global average",2017,0.365028585844878,71,"global average","partially_observed",1
"global average",2018,0.34396698671796,110,"global average","partially_observed",2
"global average",2019,0.295955048893457,105,"global average","partially_observed",2
"global average",2020,0.353218728080152,13,"global average","partially_observed",1
"global average",2021,0.303952002228861,75,"global average","partially_observed",2
"global average",2022,0.317695714720848,75,"global average","partially_observed",2
"global average",2023,0.324882031078974,120,"global average","partially_observed",4
"global average",2024,0.266160176259184,74,"global average","partially_observed",1
"global average",2025,0.254903853715489,48,"global average","partially_observed",2
