"Region","Stock","estimated_family_name","Major_Functional_Group","estimated_taxa_group","Landings_Datasource","Sufficient_No_Years","StartYear","EndYear","int_yr","btype","Flim","Fpa","Blim","Bpa","Bmsy","B40","FMSY","MSY","MSYBtrigger","M","Fofl","last_F","q.start","q.end","FisheryStatus_Circa2000","st_b.low","st_b.hi","int_b.low","int_b.hi","end_b.low","end_b.hi","r.low","r.hi","Resilience","Resilience_Source","Yes_Run","Comment"
"goc","ablennes","belonidae","pelagic marine fish (excl. anchovy & sardine)","otras","conapesca",TRUE,2000,2024,2014,"none",NA,NA,NA,NA,NA,NA,NA,NA,NA,NA,NA,NA,NA,NA,"new",0.6,0.9,0.7,1,0.01,0.4,NA,NA,NA,"too broad of a category to classify","yes","timeseries generated by erica ferrer, april 3 2026.stock is estimated at the genus level."
"goc","acanthurus","acanthuridae","demersal marine fishes","otras","conapesca",TRUE,2000,2024,2012,"none",NA,NA,NA,NA,NA,NA,NA,NA,NA,NA,NA,NA,NA,NA,"new",0.6,0.9,0.7,1,0.01,0.3,NA,NA,NA,"too broad of a category to classify","yes","timeseries generated by erica ferrer, april 3 2026.stock is estimated at the genus level."
"goc","aetobatus","myliobatidae","demersal marine fishes","raya y similares","conapesca",TRUE,2000,2024,2014,"none",NA,NA,NA,NA,NA,NA,NA,NA,NA,NA,NA,NA,NA,NA,"new",0.6,0.9,0.7,1,0.6,0.9,NA,NA,"low","my_best_guess","yes","timeseries generated by erica ferrer, april 3 2026.stock is estimated at the genus level."
"goc","alopias","alopiidae","sharks","tiburon","conapesca",TRUE,2001,2024,2014,"none",NA,NA,NA,NA,NA,NA,NA,NA,NA,NA,NA,NA,NA,NA,"new",0.6,0.9,0.7,1,0.6,1,NA,NA,"low","best_guess_mycteroperca.jordani","yes","timeseries generated by erica ferrer, april 3 2026.stock is estimated at the genus level."
"goc","anisotremus","haemulidae","demersal marine fishes","mojarra","conapesca",TRUE,2000,2024,2012,"none",NA,NA,NA,NA,NA,NA,NA,NA,NA,NA,NA,NA,NA,NA,"depleted",0.1,0.3,0,0.2,0.1,0.4,NA,NA,NA,"exclude_freshwater_fish","yes","timeseries generated by erica ferrer, april 3 2026.stock is estimated at the genus level."
"goc","anoplopoma","anoplopomatidae","demersal marine fishes","otras","conapesca",TRUE,2000,2024,2019,"none",NA,NA,NA,NA,NA,NA,NA,NA,NA,NA,NA,NA,NA,NA,"new",0.6,0.9,0.5,0.8,0.01,0.4,NA,NA,NA,"too broad of a category to classify","yes","timeseries generated by erica ferrer, april 3 2026.stock is estimated at the genus level."
"goc","argopecten","pectinidae","molluscs excl. cephalopods","almeja","conapesca",TRUE,2000,2024,2018,"none",NA,NA,NA,NA,NA,NA,NA,NA,NA,NA,NA,NA,NA,NA,"depleted",0.1,0.3,0,0.2,0.01,0.3,NA,NA,"medium","marea_priors","yes","timeseries generated by erica ferrer, april 3 2026.stock is estimated at the genus level."
"goc","ariopsis","ariidae","demersal marine fishes","bagre","conapesca",TRUE,2000,2024,2009,"none",NA,NA,NA,NA,NA,NA,NA,NA,NA,NA,NA,NA,NA,NA,"sustainable",0.3,0.5,0.3,0.5,0.3,0.6,NA,NA,"high","best_guess_serranidae","yes","timeseries generated by erica ferrer, april 3 2026.stock is estimated at the genus level."
"goc","balistes","balistidae","demersal marine fishes","carpa","conapesca",TRUE,2000,2024,2007,"none",NA,NA,NA,NA,NA,NA,NA,NA,NA,NA,NA,NA,NA,NA,"depleted",0.1,0.3,0.1,0.3,0.1,0.3,NA,NA,NA,"exclude_freshwater_fish","yes","timeseries generated by erica ferrer, april 3 2026.stock is estimated at the genus level."
"goc","brotula","ophidiidae","demersal marine fishes","lenguado","conapesca",TRUE,2000,2024,2013,"none",NA,NA,NA,NA,NA,NA,NA,NA,NA,NA,NA,NA,NA,NA,"new",0.6,0.9,0.6,0.9,0.6,1,NA,NA,"low","ferrer et al_2022","yes","timeseries generated by erica ferrer, april 3 2026.stock is estimated at the genus level."
"goc","calamus","sparidae","demersal marine fishes","mojarra","conapesca",TRUE,2000,2024,2005,"none",NA,NA,NA,NA,NA,NA,NA,NA,NA,NA,NA,NA,NA,NA,"new",0.6,0.9,0.7,1,0.01,0.2,NA,NA,NA,"exclude_freshwater_fish","yes","timeseries generated by erica ferrer, april 3 2026.stock is estimated at the genus level."
"goc","callinectes","portunidae","crustaceans","jaiba","conapesca",TRUE,2005,2023,2015,"none",NA,NA,NA,NA,NA,NA,NA,NA,NA,NA,NA,NA,NA,NA,"new",0.6,0.9,0.7,1,0.6,1,NA,NA,"medium","ferrer et al_2022","yes","timeseries generated by erica ferrer, april 3 2026.stock is estimated at the genus level."
"goc","caranx","carangidae","pelagic marine fish (excl. anchovy & sardine)","bonito","conapesca",TRUE,2000,2024,2012,"none",NA,NA,NA,NA,NA,NA,NA,NA,NA,NA,NA,NA,NA,NA,"sustainable",0.3,0.5,0.4,0.6,0.3,0.6,NA,NA,"medium","ferrer et al_2022","yes","timeseries generated by erica ferrer, april 3 2026.stock is estimated at the genus level."
"goc","carcharhinus","carcharhinidae","sharks","tiburon","conapesca",TRUE,2000,2024,2015,"none",NA,NA,NA,NA,NA,NA,NA,NA,NA,NA,NA,NA,NA,NA,"depleted",0.1,0.3,0.2,0.4,0.1,0.4,NA,NA,"low","best_guess_mycteroperca.jordani","yes","timeseries generated by erica ferrer, april 3 2026.stock is estimated at the genus level."
"goc","caulolatilus","malacanthidae","demersal marine fishes","pierna","conapesca",TRUE,2000,2024,2014,"none",NA,NA,NA,NA,NA,NA,NA,NA,NA,NA,NA,NA,NA,NA,NA,NA,NA,NA,NA,0.01,0.4,NA,NA,"low","ferrer et al_2022","yes","timeseries generated by erica ferrer, april 3 2026.stock is estimated at the genus level."
"goc","centropomus","centropomidae","demersal marine fishes","robalo","conapesca",TRUE,2000,2024,2011,"none",NA,NA,NA,NA,NA,NA,NA,NA,NA,NA,NA,NA,NA,NA,"depleted",0.1,0.3,0.2,0.4,0.1,0.4,NA,NA,"high","best_guess_centropomus.robalito","yes","timeseries generated by erica ferrer, april 3 2026.stock is estimated at the genus level."
"goc","cetengraulis","engraulidae","anchovy & sardine (small pelagics)","sardina","conapesca",TRUE,2000,2024,2011,"none",NA,NA,NA,NA,NA,NA,NA,NA,NA,NA,NA,NA,NA,NA,"depleted",0.1,0.3,0,0.2,0.1,0.3,NA,NA,"high","my_best_guess","yes","timeseries generated by erica ferrer, april 3 2026.stock is estimated at the genus level."
"goc","chanos","chanidae","diadromous fishes","otras","conapesca",TRUE,2000,2024,2013,"none",NA,NA,NA,NA,NA,NA,NA,NA,NA,NA,NA,NA,NA,NA,"depleted",0.1,0.3,0.2,0.4,0.1,0.4,NA,NA,NA,"too broad of a category to classify","yes","timeseries generated by erica ferrer, april 3 2026.stock is estimated at the genus level."
"goc","chione","veneridae","molluscs excl. cephalopods","almeja","conapesca",TRUE,2012,2023,2017,"none",NA,NA,NA,NA,NA,NA,NA,NA,NA,NA,NA,NA,NA,NA,"depleted",0.1,0.3,0.2,0.4,0.1,0.4,NA,NA,"medium","marea_priors","yes","timeseries generated by erica ferrer, april 3 2026.stock is estimated at the genus level."
"goc","coryphaena","coryphaenidae","pelagic marine fish (excl. anchovy & sardine)","otras","conapesca",TRUE,2000,2024,2008,"none",NA,NA,NA,NA,NA,NA,NA,NA,NA,NA,NA,NA,NA,NA,"sustainable",0.3,0.5,0.4,0.6,0.3,0.5,NA,NA,NA,"too broad of a category to classify","yes","timeseries generated by erica ferrer, april 3 2026.stock is estimated at the genus level."
"goc","cynoscion","sciaenidae","demersal marine fishes","corvina","conapesca",TRUE,2000,2024,2012,"none",NA,NA,NA,NA,NA,NA,NA,NA,NA,NA,NA,NA,NA,NA,"sustainable",0.3,0.5,0.4,0.6,0.3,0.6,NA,NA,"medium","ferrer et al_2022","yes","timeseries generated by erica ferrer, april 3 2026.stock is estimated at the genus level."
"goc","diapterus","gerreidae","demersal marine fishes","mojarra","conapesca",TRUE,2000,2024,2015,"none",NA,NA,NA,NA,NA,NA,NA,NA,NA,NA,NA,NA,NA,NA,"depleted",0.1,0.3,0.1,0.3,0.1,0.3,NA,NA,NA,"exclude_freshwater_fish","yes","timeseries generated by erica ferrer, april 3 2026.stock is estimated at the genus level."
"goc","diplectrum","serranidae","demersal marine fishes","otras","conapesca",TRUE,2000,2024,2012,"none",NA,NA,NA,NA,NA,NA,NA,NA,NA,NA,NA,NA,NA,NA,"depleted",0.1,0.3,0,0.2,0.1,0.4,NA,NA,NA,"too broad of a category to classify","yes","timeseries generated by erica ferrer, april 3 2026.stock is estimated at the genus level."
"goc","dosidicus","ommastrephidae","cephalopods","calamar","conapesca",TRUE,2000,2024,2011,"none",NA,NA,NA,NA,NA,NA,NA,NA,NA,NA,NA,NA,NA,NA,"sustainable",0.3,0.5,0.3,0.5,0.01,0.1,NA,NA,"high","ferrer et al_2022","yes","timeseries generated by erica ferrer, april 3 2026.stock is estimated at the genus level."
"goc","dosinia","veneridae","molluscs excl. cephalopods","almeja","conapesca",TRUE,2000,2024,2011,"none",NA,NA,NA,NA,NA,NA,NA,NA,NA,NA,NA,NA,NA,NA,"depleted",0.1,0.3,0.2,0.4,0.1,0.4,NA,NA,"medium","marea_priors","yes","timeseries generated by erica ferrer, april 3 2026.stock is estimated at the genus level."
"goc","epinephelus","serranidae","demersal marine fishes","mero","conapesca",TRUE,2000,2024,2009,"none",NA,NA,NA,NA,NA,NA,NA,NA,NA,NA,NA,NA,NA,NA,"depleted",0.1,0.3,0,0.2,0.01,0.3,NA,NA,"very low","best_guess_mycteroperca.jordani","yes","timeseries generated by erica ferrer, april 3 2026.stock is estimated at the genus level."
"goc","especies","family cannot be determined; class holothuroidea","echinoderms","pepino de mar","conapesca",TRUE,2000,2024,2017,"none",NA,NA,NA,NA,NA,NA,NA,NA,NA,NA,NA,NA,NA,NA,NA,NA,NA,NA,NA,0.01,0.1,NA,NA,NA,NA,"yes","timeseries generated by erica ferrer, april 3 2026.stock is estimated at the genus level."
"goc","etrumeus","dussumieriidae","anchovy & sardine (small pelagics)","sardina","conapesca",TRUE,2000,2024,2010,"none",NA,NA,NA,NA,NA,NA,NA,NA,NA,NA,NA,NA,NA,NA,"new",0.6,0.9,0.6,0.9,0.01,0.3,NA,NA,"high","my_best_guess","yes","timeseries generated by erica ferrer, april 3 2026.stock is estimated at the genus level."
"goc","eucinostomus","gerreidae","demersal marine fishes","mojarra","conapesca",TRUE,2000,2024,2009,"none",NA,NA,NA,NA,NA,NA,NA,NA,NA,NA,NA,NA,NA,NA,"depleted",0.1,0.3,0.2,0.4,0.1,0.3,NA,NA,NA,NA,"yes","timeseries generated by erica ferrer, april 3 2026.stock is estimated at the genus level."
"goc","eugerres","gerreidae","demersal marine fishes","mojarra","conapesca",TRUE,2000,2024,2014,"none",NA,NA,NA,NA,NA,NA,NA,NA,NA,NA,NA,NA,NA,NA,"depleted",0.1,0.3,0.2,0.4,0.1,0.4,NA,NA,NA,"exclude_freshwater_fish","yes","timeseries generated by erica ferrer, april 3 2026.stock is estimated at the genus level."
"goc","euthynnus","scombridae","pelagic marine fish (excl. anchovy & sardine)","barrilete","conapesca",TRUE,2004,2024,2018,"none",NA,NA,NA,NA,NA,NA,NA,NA,NA,NA,NA,NA,NA,NA,"sustainable",0.3,0.5,0.4,0.6,0.01,0.4,NA,NA,"medium","best_guess_katsuwonus.pelamis","yes","timeseries generated by erica ferrer, april 3 2026.stock is estimated at the genus level."
"goc","farfantepenaeus","penaeidae","shrimps, prawns","camaron","conapesca",TRUE,2000,2024,2011,"none",NA,NA,NA,NA,NA,NA,NA,NA,NA,NA,NA,NA,NA,NA,"depleted",0.1,0.3,0.2,0.4,0.01,0.4,NA,NA,"high","sealifebase_penaeus californiensis","yes","timeseries generated by erica ferrer, april 3 2026.stock is estimated at the genus level."
"goc","galeocerdo","carcharhinidae","sharks","tiburon","conapesca",TRUE,2000,2024,2010,"none",NA,NA,NA,NA,NA,NA,NA,NA,NA,NA,NA,NA,NA,NA,"depleted",0.1,0.3,0.2,0.4,0.1,0.4,NA,NA,"low","best_guess_mycteroperca.jordani","yes","timeseries generated by erica ferrer, april 3 2026.stock is estimated at the genus level."
"goc","gerres","gerreidae","demersal marine fishes","bandera","conapesca",TRUE,2000,2024,2013,"none",NA,NA,NA,NA,NA,NA,NA,NA,NA,NA,NA,NA,NA,NA,"depleted",0.1,0.3,0.2,0.4,0.1,0.4,NA,NA,"high","best_guess_serranidae","yes","timeseries generated by erica ferrer, april 3 2026.stock is estimated at the genus level."
"goc","ginglymostoma","ginglymostomatidae","sharks","tiburon","conapesca",TRUE,2000,2024,2014,"none",NA,NA,NA,NA,NA,NA,NA,NA,NA,NA,NA,NA,NA,NA,"new",0.6,0.9,0.5,0.8,0.01,0.3,NA,NA,"low","best_guess_mycteroperca.jordani","yes","timeseries generated by erica ferrer, april 3 2026.stock is estimated at the genus level."
"goc","haemulon","haemulidae","demersal marine fishes","rubio","conapesca",TRUE,2000,2024,2008,"none",NA,NA,NA,NA,NA,NA,NA,NA,NA,NA,NA,NA,NA,NA,"depleted",0.1,0.3,0.2,0.4,0.1,0.3,NA,NA,NA,"exclude_freshwater_fish","yes","timeseries generated by erica ferrer, april 3 2026.stock is estimated at the genus level."
"goc","haemulopsis","haemulidae","demersal marine fishes","ronco","conapesca",TRUE,2000,2024,2012,"none",NA,NA,NA,NA,NA,NA,NA,NA,NA,NA,NA,NA,NA,NA,"depleted",0.1,0.3,0.1,0.3,0.1,0.3,NA,NA,"medium","marea_priors","yes","timeseries generated by erica ferrer, april 3 2026.stock is estimated at the genus level."
"goc","haliotis","haliotidae","molluscs excl. cephalopods","abulon","conapesca",TRUE,2000,2024,2015,"none",NA,NA,NA,NA,NA,NA,NA,NA,NA,NA,NA,NA,NA,NA,"depleted",0.1,0.3,0,0.2,0.01,0.1,NA,NA,"low","marea_priors","yes","timeseries generated by erica ferrer, april 3 2026.stock is estimated at the genus level."
"goc","hexaplex","muricidae","molluscs excl. cephalopods","caracol","conapesca",TRUE,2000,2024,2018,"none",NA,NA,NA,NA,NA,NA,NA,NA,NA,NA,NA,NA,NA,NA,NA,NA,NA,NA,NA,0.01,0.4,NA,NA,"medium","ferrer et al_2022","yes","timeseries generated by erica ferrer, april 3 2026.stock is estimated at the genus level."
"goc","hoplopagrus","lutjanidae","demersal marine fishes","pargo","conapesca",TRUE,2000,2024,2012,"none",NA,NA,NA,NA,NA,NA,NA,NA,NA,NA,NA,NA,NA,NA,"depleted",0.1,0.3,0.2,0.4,0.1,0.4,NA,NA,"low","marea_priors","yes","timeseries generated by erica ferrer, april 3 2026.stock is estimated at the genus level."
"goc","hypanus","dasyatidae","demersal marine fishes","raya y similares","conapesca",TRUE,2000,2024,2013,"none",NA,NA,NA,NA,NA,NA,NA,NA,NA,NA,NA,NA,NA,NA,"new",0.6,0.9,0.6,0.9,0.6,1,NA,NA,"low","my_best_guess","yes","timeseries generated by erica ferrer, april 3 2026.stock is estimated at the genus level."
"goc","hyporthodus","serranidae","demersal marine fishes","baqueta","conapesca",TRUE,2000,2024,2013,"none",NA,NA,NA,NA,NA,NA,NA,NA,NA,NA,NA,NA,NA,NA,"depleted",0.1,0.3,0.2,0.4,0.1,0.4,NA,NA,"medium","my_best_guess","yes","timeseries generated by erica ferrer, april 3 2026.stock is estimated at the genus level."
"goc","istiophorus","istiophoridae","pelagic marine fish (excl. anchovy & sardine)","otras","conapesca",TRUE,2000,2024,2012,"none",NA,NA,NA,NA,NA,NA,NA,NA,NA,NA,NA,NA,NA,NA,"depleted",0.1,0.3,0.2,0.4,0.1,0.4,NA,NA,NA,"too broad of a category to classify","yes","timeseries generated by erica ferrer, april 3 2026.stock is estimated at the genus level."
"goc","isurus","lamnidae","sharks","tiburon","conapesca",TRUE,2005,2024,2014,"none",NA,NA,NA,NA,NA,NA,NA,NA,NA,NA,NA,NA,NA,NA,"new",0.6,0.9,0.7,1,0.6,1,NA,NA,"low","best_guess_mycteroperca.jordani","yes","timeseries generated by erica ferrer, april 3 2026.stock is estimated at the genus level."
"goc","katsuwonus","scombridae","pelagic marine fish (excl. anchovy & sardine)","barrilete","conapesca",TRUE,2000,2024,2013,"none",NA,NA,NA,NA,NA,NA,NA,NA,NA,NA,NA,NA,NA,NA,"sustainable",0.3,0.5,0.4,0.6,0.3,0.5,NA,NA,"medium","best_guess_katsuwonus.pelamis","yes","timeseries generated by erica ferrer, april 3 2026.stock is estimated at the genus level."
"goc","lamna","lamnidae","demersal marine fishes","peto","conapesca",TRUE,2000,2024,2016,"none",NA,NA,NA,NA,NA,NA,NA,NA,NA,NA,NA,NA,NA,NA,"new",0.6,0.9,0.7,1,0.01,0.2,NA,NA,"low","best_guess_mycteroperca.jordani","yes","timeseries generated by erica ferrer, april 3 2026.stock is estimated at the genus level."
"goc","larimus","sciaenidae","demersal marine fishes","corvina","conapesca",TRUE,2005,2024,2012,"none",NA,NA,NA,NA,NA,NA,NA,NA,NA,NA,NA,NA,NA,NA,"sustainable",0.3,0.5,0.4,0.6,0.01,0.3,NA,NA,"medium","ferrer et al_2022","yes","timeseries generated by erica ferrer, april 3 2026.stock is estimated at the genus level."
"goc","litopenaeus","penaeidae","shrimps, prawns","camaron","conapesca",TRUE,2000,2022,2017,"none",NA,NA,NA,NA,NA,NA,NA,NA,NA,NA,NA,NA,NA,NA,"depleted",0.1,0.3,0.2,0.4,0.1,0.4,NA,NA,"high","sealifebase_penaeus californiensis","yes","timeseries generated by erica ferrer, april 3 2026.stock is estimated at the genus level."
"goc","lobatus","strombidae","molluscs excl. cephalopods","caracol","conapesca",TRUE,2000,2024,2012,"none",NA,NA,NA,NA,NA,NA,NA,NA,NA,NA,NA,NA,NA,NA,"depleted",0.1,0.3,0.2,0.4,0.1,0.3,NA,NA,"medium","ferrer et al_2022","yes","timeseries generated by erica ferrer, april 3 2026.stock is estimated at the genus level."
"goc","lutjanus","lutjanidae","demersal marine fishes","guachinango","conapesca",TRUE,2000,2024,2014,"none",NA,NA,NA,NA,NA,NA,NA,NA,NA,NA,NA,NA,NA,NA,"depleted",0.1,0.3,0.1,0.3,0.1,0.3,NA,NA,"medium","ferrer et al_2022","yes","timeseries generated by erica ferrer, april 3 2026.stock is estimated at the genus level."
"goc","megapitaria","veneridae","molluscs excl. cephalopods","almeja","conapesca",TRUE,2000,2024,2013,"none",NA,NA,NA,NA,NA,NA,NA,NA,NA,NA,NA,NA,NA,NA,"depleted",0.1,0.3,0,0.2,0.01,0.3,NA,NA,"medium","marea_priors","yes","timeseries generated by erica ferrer, april 3 2026.stock is estimated at the genus level."
"goc","menticirrhus","sciaenidae","demersal marine fishes","berrugata","conapesca",TRUE,2000,2024,2012,"none",NA,NA,NA,NA,NA,NA,NA,NA,NA,NA,NA,NA,NA,NA,"sustainable",0.3,0.5,0.2,0.4,0.01,0.3,NA,NA,"medium","ferrer et al_2022","yes","timeseries generated by erica ferrer, april 3 2026.stock is estimated at the genus level."
"goc","merluccius","merlucciidae","demersal marine fishes","otras","conapesca",TRUE,2000,2024,2014,"none",NA,NA,NA,NA,NA,NA,NA,NA,NA,NA,NA,NA,NA,NA,"healthy",0.5,0.8,0.6,0.9,0.5,0.9,NA,NA,NA,"too broad of a category to classify","yes","timeseries generated by erica ferrer, april 3 2026.stock is estimated at the genus level."
"goc","mesocentrotus","strongylocentrotidae","echinoderms","erizo","conapesca",TRUE,2000,2024,2015,"none",NA,NA,NA,NA,NA,NA,NA,NA,NA,NA,NA,NA,NA,NA,"new",0.6,0.9,0.7,1,0.01,0.1,NA,NA,"high","my_best_guess","yes","timeseries generated by erica ferrer, april 3 2026.stock is estimated at the genus level."
"goc","microlepidotus","haemulidae","demersal marine fishes","otras","conapesca",TRUE,2000,2024,2018,"none",NA,NA,NA,NA,NA,NA,NA,NA,NA,NA,NA,NA,NA,NA,"depleted",0.1,0.3,0,0.2,0.01,0.2,NA,NA,NA,"too broad of a category to classify","yes","timeseries generated by erica ferrer, april 3 2026.stock is estimated at the genus level."
"goc","micropogonias","sciaenidae","demersal marine fishes","berrugata","conapesca",TRUE,2000,2024,2009,"none",NA,NA,NA,NA,NA,NA,NA,NA,NA,NA,NA,NA,NA,NA,"sustainable",0.3,0.5,0.4,0.6,0.3,0.6,NA,NA,"medium","ferrer et al_2022","yes","timeseries generated by erica ferrer, april 3 2026.stock is estimated at the genus level."
"goc","mobula","myliobatidae","demersal marine fishes","raya y similares","conapesca",TRUE,2000,2019,2009,"none",NA,NA,NA,NA,NA,NA,NA,NA,NA,NA,NA,NA,NA,NA,"new",0.6,0.9,0.6,0.9,0.6,0.9,NA,NA,"low","my_best_guess","yes","timeseries generated by erica ferrer, april 3 2026.stock is estimated at the genus level."
"goc","mugil","mugilidae","demersal marine fishes","lisa","conapesca",TRUE,2000,2024,2008,"none",NA,NA,NA,NA,NA,NA,NA,NA,NA,NA,NA,NA,NA,NA,"depleted",0.1,0.3,0.1,0.3,0.01,0.3,NA,NA,"medium","ferrer et al_2022","yes","timeseries generated by erica ferrer, april 3 2026.stock is estimated at the genus level."
"goc","mustelus","triakidae","sharks","tiburon","conapesca",TRUE,2000,2024,2015,"none",NA,NA,NA,NA,NA,NA,NA,NA,NA,NA,NA,NA,NA,NA,"new",0.6,0.9,0.5,0.8,0.6,1,NA,NA,"low","best_guess_mycteroperca.jordani","yes","timeseries generated by erica ferrer, april 3 2026.stock is estimated at the genus level."
"goc","mycteroperca","serranidae","demersal marine fishes","cabrilla","conapesca",TRUE,2000,2024,2015,"none",NA,NA,NA,NA,NA,NA,NA,NA,NA,NA,NA,NA,NA,NA,"depleted",0.1,0.3,0.1,0.3,0.1,0.3,NA,NA,"low","ferrer et al_2022","yes","timeseries generated by erica ferrer, april 3 2026.stock is estimated at the genus level."
"goc","nasolamia","carcharhinidae","sharks","tiburon","conapesca",TRUE,2007,2024,2013,"none",NA,NA,NA,NA,NA,NA,NA,NA,NA,NA,NA,NA,NA,NA,"depleted",0.1,0.3,0.2,0.4,0.01,0.4,NA,NA,"low","best_guess_mycteroperca.jordani","yes","timeseries generated by erica ferrer, april 3 2026.stock is estimated at the genus level."
"goc","nematistius","nematistiidae","demersal marine fishes","otras","conapesca",TRUE,2000,2024,2011,"none",NA,NA,NA,NA,NA,NA,NA,NA,NA,NA,NA,NA,NA,NA,"new",0.6,0.9,0.7,1,0.01,0.2,NA,NA,NA,"too broad of a category to classify","yes","timeseries generated by erica ferrer, april 3 2026.stock is estimated at the genus level."
"goc","nicholsina","scaridae","demersal marine fishes","otras","conapesca",TRUE,2000,2024,2004,"none",NA,NA,NA,NA,NA,NA,NA,NA,NA,NA,NA,NA,NA,NA,NA,NA,NA,NA,NA,0.01,0.2,NA,NA,NA,"too broad of a category to classify","yes","timeseries generated by erica ferrer, april 3 2026.stock is estimated at the genus level."
"goc","oligoplites","carangidae","anchovy & sardine (small pelagics)","sardina","conapesca",TRUE,2000,2024,2012,"none",NA,NA,NA,NA,NA,NA,NA,NA,NA,NA,NA,NA,NA,NA,"sustainable",0.3,0.5,0.4,0.6,0.01,0.4,NA,NA,"high","my_best_guess","yes","timeseries generated by erica ferrer, april 3 2026.stock is estimated at the genus level."
"goc","opisthonema","clupeidae","anchovy & sardine (small pelagics)","sardina","conapesca",TRUE,2000,2024,2012,"none",NA,NA,NA,NA,NA,NA,NA,NA,NA,NA,NA,NA,NA,NA,NA,NA,NA,NA,NA,NA,NA,NA,NA,"high","my_best_guess","yes","timeseries generated by erica ferrer, april 3 2026.stock is estimated at the genus level."
"goc","orthopristis","haemulidae","demersal marine fishes","otras","conapesca",TRUE,2000,2024,2014,"none",NA,NA,NA,NA,NA,NA,NA,NA,NA,NA,NA,NA,NA,NA,"depleted",0.1,0.3,0.1,0.3,0.1,0.4,NA,NA,NA,"too broad of a category to classify","yes","timeseries generated by erica ferrer, april 3 2026.stock is estimated at the genus level."
"goc","panopea","hiatellidae","molluscs excl. cephalopods","almeja","conapesca",TRUE,2005,2024,2017,"none",NA,NA,NA,NA,NA,NA,NA,NA,NA,NA,NA,NA,NA,NA,"new",0.6,0.9,0.7,1,0.6,1,NA,NA,"medium","marea_priors","yes","timeseries generated by erica ferrer, april 3 2026.stock is estimated at the genus level."
"goc","panulirus","palinuridae","crustaceans","langosta","conapesca",TRUE,2000,2024,2011,"none",NA,NA,NA,NA,NA,NA,NA,NA,NA,NA,NA,NA,NA,NA,"sustainable",0.3,0.5,0.2,0.4,0.01,0.2,NA,NA,"medium","ferrer et al_2022","yes","timeseries generated by erica ferrer, april 3 2026.stock is estimated at the genus level."
"goc","paralabrax","serranidae","demersal marine fishes","cabrilla","conapesca",TRUE,2000,2024,2012,"none",NA,NA,NA,NA,NA,NA,NA,NA,NA,NA,NA,NA,NA,NA,"depleted",0.1,0.3,0,0.2,0.01,0.4,NA,NA,"low","ferrer et al_2022","yes","timeseries generated by erica ferrer, april 3 2026.stock is estimated at the genus level."
"goc","paranthias","serranidae","demersal marine fishes","otras","conapesca",TRUE,2000,2024,2018,"none",NA,NA,NA,NA,NA,NA,NA,NA,NA,NA,NA,NA,NA,NA,"depleted",0.1,0.3,0.2,0.4,0.01,0.2,NA,NA,NA,"too broad of a category to classify","yes","timeseries generated by erica ferrer, april 3 2026.stock is estimated at the genus level."
"goc","parapsettus","ephippidae","demersal marine fishes","otras","conapesca",TRUE,2000,2024,2009,"none",NA,NA,NA,NA,NA,NA,NA,NA,NA,NA,NA,NA,NA,NA,"new",0.6,0.9,0.7,1,0.6,1,NA,NA,NA,"too broad of a category to classify","yes","timeseries generated by erica ferrer, april 3 2026.stock is estimated at the genus level."
"goc","penaeus","penaeidae","shrimps, prawns","camaron","conapesca",TRUE,2000,2024,2011,"none",NA,NA,NA,NA,NA,NA,NA,NA,NA,NA,NA,NA,NA,NA,"depleted",0.1,0.3,0.2,0.4,0.1,0.4,NA,NA,"high","sealifebase_penaeus californiensis","yes","timeseries generated by erica ferrer, april 3 2026.stock is estimated at the genus level."
"goc","prionace","carcharhinidae","sharks","tiburon","conapesca",TRUE,2001,2024,2014,"none",NA,NA,NA,NA,NA,NA,NA,NA,NA,NA,NA,NA,NA,NA,"depleted",0.1,0.3,0.2,0.4,0.1,0.4,NA,NA,"low","best_guess_mycteroperca.jordani","yes","timeseries generated by erica ferrer, april 3 2026.stock is estimated at the genus level."
"goc","pseudobatos","rhinobatidae","demersal marine fishes","raya y similares","conapesca",TRUE,2000,2024,2008,"none",NA,NA,NA,NA,NA,NA,NA,NA,NA,NA,NA,NA,NA,NA,"new",0.6,0.9,0.5,0.8,0.01,0.4,NA,NA,"low","my_best_guess","yes","timeseries generated by erica ferrer, april 3 2026.stock is estimated at the genus level."
"goc","rimapenaeus","penaeidae","shrimps, prawns","camaron","conapesca",TRUE,2000,2024,2012,"none",NA,NA,NA,NA,NA,NA,NA,NA,NA,NA,NA,NA,NA,NA,"depleted",0.1,0.3,0,0.2,0.01,0.4,NA,NA,"high","sealifebase_penaeus californiensis","yes","timeseries generated by erica ferrer, april 3 2026.stock is estimated at the genus level."
"goc","sarda","carangidae","pelagic marine fish (excl. anchovy & sardine)","bonito","conapesca",TRUE,2000,2022,2010,"none",NA,NA,NA,NA,NA,NA,NA,NA,NA,NA,NA,NA,NA,NA,"sustainable",0.3,0.5,0.4,0.6,0.3,0.5,NA,NA,"medium","my_best_guess","yes","timeseries generated by erica ferrer, april 3 2026.stock is estimated at the genus level."
"goc","sardinops","clupeidae","anchovy & sardine (small pelagics)","sardina","conapesca",TRUE,2000,2024,2011,"none",NA,NA,NA,NA,NA,NA,NA,NA,NA,NA,NA,NA,NA,NA,NA,NA,NA,NA,NA,0.01,0.2,NA,NA,"high","my_best_guess","yes","timeseries generated by erica ferrer, april 3 2026.stock is estimated at the genus level."
"goc","scomber","scombridae","pelagic marine fish (excl. anchovy & sardine)","macarela","conapesca",TRUE,2000,2024,2014,"none",NA,NA,NA,NA,NA,NA,NA,NA,NA,NA,NA,NA,NA,NA,"sustainable",0.3,0.5,0.4,0.6,0.01,0.4,NA,NA,"medium","my_best_guess","yes","timeseries generated by erica ferrer, april 3 2026.stock is estimated at the genus level."
"goc","scomberomorus","scombridae","pelagic marine fish (excl. anchovy & sardine)","sierra","conapesca",TRUE,2000,2024,2010,"none",NA,NA,NA,NA,NA,NA,NA,NA,NA,NA,NA,NA,NA,NA,"sustainable",0.3,0.5,0.4,0.6,0.3,0.6,NA,NA,"medium","ferrer et al_2022","yes","timeseries generated by erica ferrer, april 3 2026.stock is estimated at the genus level."
"goc","scorpaena","scorpaenidae","demersal marine fishes","otras","conapesca",TRUE,2000,2024,2007,"none",NA,NA,NA,NA,NA,NA,NA,NA,NA,NA,NA,NA,NA,NA,"new",0.6,0.9,0.5,0.8,0.01,0.1,NA,NA,NA,"too broad of a category to classify","yes","timeseries generated by erica ferrer, april 3 2026.stock is estimated at the genus level."
"goc","selene","carangidae","pelagic marine fish (excl. anchovy & sardine)","ronco","conapesca",TRUE,2000,2024,2008,"none",NA,NA,NA,NA,NA,NA,NA,NA,NA,NA,NA,NA,NA,NA,"sustainable",0.3,0.5,0.4,0.6,0.01,0.4,NA,NA,"medium","marea_priors","yes","timeseries generated by erica ferrer, april 3 2026.stock is estimated at the genus level."
"goc","seriola","carangidae","pelagic marine fish (excl. anchovy & sardine)","esmedregal","conapesca",TRUE,2000,2024,2008,"none",NA,NA,NA,NA,NA,NA,NA,NA,NA,NA,NA,NA,NA,NA,"sustainable",0.3,0.5,0.2,0.4,0.3,0.5,NA,NA,"medium","ferrer et al_2022","yes","timeseries generated by erica ferrer, april 3 2026.stock is estimated at the genus level."
"goc","sphoeroides","tetraodontidae","demersal marine fishes","otras","conapesca",TRUE,2000,2024,2013,"none",NA,NA,NA,NA,NA,NA,NA,NA,NA,NA,NA,NA,NA,NA,"new",0.6,0.9,0.6,0.9,0.6,1,NA,NA,NA,"too broad of a category to classify","yes","timeseries generated by erica ferrer, april 3 2026.stock is estimated at the genus level."
"goc","sphyraena","sphyraenidae","pelagic marine fish (excl. anchovy & sardine)","otras","conapesca",TRUE,2000,2024,2010,"none",NA,NA,NA,NA,NA,NA,NA,NA,NA,NA,NA,NA,NA,NA,"depleted",0.1,0.3,0.2,0.4,0.01,0.3,NA,NA,NA,"too broad of a category to classify","yes","timeseries generated by erica ferrer, april 3 2026.stock is estimated at the genus level."
"goc","sphyrna","sphyrnidae","sharks","tiburon","conapesca",TRUE,2000,2024,2014,"none",NA,NA,NA,NA,NA,NA,NA,NA,NA,NA,NA,NA,NA,NA,"new",0.6,0.9,0.7,1,0.01,0.4,NA,NA,"low","best_guess_mycteroperca.jordani","yes","timeseries generated by erica ferrer, april 3 2026.stock is estimated at the genus level."
"goc","squatina","squatinidae","sharks","tiburon","conapesca",TRUE,2000,2024,2013,"none",NA,NA,NA,NA,NA,NA,NA,NA,NA,NA,NA,NA,NA,NA,"new",0.6,0.9,0.5,0.8,0.6,0.9,NA,NA,"low","best_guess_mycteroperca.jordani","yes","timeseries generated by erica ferrer, april 3 2026.stock is estimated at the genus level."
"goc","stereolepis","polyprionidae","demersal marine fishes","otras","conapesca",TRUE,2000,2024,2016,"none",NA,NA,NA,NA,NA,NA,NA,NA,NA,NA,NA,NA,NA,NA,NA,NA,NA,NA,NA,NA,NA,NA,NA,NA,"too broad of a category to classify","yes","timeseries generated by erica ferrer, april 3 2026.stock is estimated at the genus level."
"goc","stomolophus","stomolophidae","jellies","otras","conapesca",TRUE,2011,2024,2017,"none",NA,NA,NA,NA,NA,NA,NA,NA,NA,NA,NA,NA,NA,NA,"new",0.6,0.9,0.7,1,0.6,0.9,NA,NA,NA,NA,"yes","timeseries generated by erica ferrer, april 3 2026.stock is estimated at the genus level."
"goc","synodus","synodontidae","demersal marine fishes","otras","conapesca",TRUE,2000,2024,2012,"none",NA,NA,NA,NA,NA,NA,NA,NA,NA,NA,NA,NA,NA,NA,NA,NA,NA,NA,NA,NA,NA,NA,NA,NA,"too broad of a category to classify","yes","timeseries generated by erica ferrer, april 3 2026.stock is estimated at the genus level."
"goc","thunnus","scombridae","pelagic marine fish (excl. anchovy & sardine)","atun","conapesca",TRUE,2000,2024,2008,"none",NA,NA,NA,NA,NA,NA,NA,NA,NA,NA,NA,NA,NA,NA,"sustainable",0.3,0.5,0.3,0.5,0.3,0.6,NA,NA,"medium","my_best_guess","yes","timeseries generated by erica ferrer, april 3 2026.stock is estimated at the genus level."
"goc","trachinotus","carangidae","pelagic marine fish (excl. anchovy & sardine)","pampano","conapesca",TRUE,2000,2024,2005,"none",NA,NA,NA,NA,NA,NA,NA,NA,NA,NA,NA,NA,NA,NA,"sustainable",0.3,0.5,0.4,0.6,0.01,0.2,NA,NA,"medium","fishbase_trachinotus paitensis","yes","timeseries generated by erica ferrer, april 3 2026.stock is estimated at the genus level."
"goc","trichiurus","trichiuridae","pelagic marine fish (excl. anchovy & sardine)","cintilla","conapesca",TRUE,2008,2024,2012,"none",NA,NA,NA,NA,NA,NA,NA,NA,NA,NA,NA,NA,NA,NA,"healthy",0.5,0.8,0.5,0.8,0.01,0.3,NA,NA,"high","fishbase_trichiurus brevis","yes","timeseries generated by erica ferrer, april 3 2026.stock is estimated at the genus level."
"goc","turbo","turbinidae","molluscs excl. cephalopods","caracol","conapesca",TRUE,2010,2024,2017,"none",NA,NA,NA,NA,NA,NA,NA,NA,NA,NA,NA,NA,NA,NA,NA,NA,NA,NA,NA,NA,NA,NA,NA,"medium","ferrer et al_2022","yes","timeseries generated by erica ferrer, april 3 2026.stock is estimated at the genus level."
"goc","xenichthys","haemulidae","demersal marine fishes","otras","conapesca",TRUE,2000,2023,2013,"none",NA,NA,NA,NA,NA,NA,NA,NA,NA,NA,NA,NA,NA,NA,"depleted",0.1,0.3,0.2,0.4,0.1,0.3,NA,NA,NA,NA,"yes","timeseries generated by erica ferrer, april 3 2026.stock is estimated at the genus level."
"goc","xiphias","xiphiidae","pelagic marine fish (excl. anchovy & sardine)","otras","conapesca",TRUE,2000,2024,2007,"none",NA,NA,NA,NA,NA,NA,NA,NA,NA,NA,NA,NA,NA,NA,"depleted",0.1,0.3,0.2,0.4,0.1,0.4,NA,NA,NA,"too broad of a category to classify","yes","timeseries generated by erica ferrer, april 3 2026.stock is estimated at the genus level."
