"Region","Stock","Major_Functional_Group","estimated_taxa_group","estimated_family_name","Source","Comment","Sufficient_No_Years","Yes_Run","MinOfYear","MaxOfYear","StartYear","EndYear","Flim","Fpa","Blim","Bpa","Bmsy","FMSY","MSY","MSYBtrigger","B40","M","Fofl","last_F","Resilience","r.low","r.hi","st_b.low","st_b.hi","int_yr","int_b.low","int_b.hi","end_b.low","end_b.hi","q.start","q.end","btype","force.cmsy"
"GOC","Ablennes","Pelagic marine fish (excl. anchovy & sardine)","OTRAS","Belonidae","CONAPESCA","Timeseries generated by Erica Ferrer, April 3 2026.Stock is estimated at the genus level.",TRUE,"Yes",NA,NA,NA,NA,NA,NA,NA,NA,NA,NA,NA,NA,NA,NA,NA,NA,NA,NA,NA,NA,NA,NA,NA,NA,NA,NA,NA,NA,"None","TRUE"
"GOC","Acanthurus","Demersal marine fishes","OTRAS","Acanthuridae","CONAPESCA","Timeseries generated by Erica Ferrer, April 3 2026.Stock is estimated at the genus level.",TRUE,"Yes",NA,NA,NA,NA,NA,NA,NA,NA,NA,NA,NA,NA,NA,NA,NA,NA,NA,NA,NA,NA,NA,NA,NA,NA,NA,NA,NA,NA,"None","TRUE"
"GOC","Aetobatus","Demersal marine fishes","RAYA Y SIMILARES","Myliobatidae","CONAPESCA","Timeseries generated by Erica Ferrer, April 3 2026.Stock is estimated at the genus level.",TRUE,"Yes",NA,NA,NA,NA,NA,NA,NA,NA,NA,NA,NA,NA,NA,NA,NA,NA,NA,NA,NA,NA,NA,NA,NA,NA,NA,NA,NA,NA,"None","TRUE"
"GOC","Anisotremus","Demersal marine fishes","MOJARRA","Haemulidae","CONAPESCA","Timeseries generated by Erica Ferrer, April 3 2026.Stock is estimated at the genus level.",TRUE,"Yes",NA,NA,NA,NA,NA,NA,NA,NA,NA,NA,NA,NA,NA,NA,NA,NA,NA,NA,NA,NA,NA,NA,NA,NA,NA,NA,NA,NA,"None","TRUE"
"GOC","Anoplopoma","Demersal marine fishes","OTRAS","Anoplopomatidae","CONAPESCA","Timeseries generated by Erica Ferrer, April 3 2026.Stock is estimated at the genus level.",TRUE,"Yes",NA,NA,NA,NA,NA,NA,NA,NA,NA,NA,NA,NA,NA,NA,NA,NA,NA,NA,NA,NA,NA,NA,NA,NA,NA,NA,NA,NA,"None","TRUE"
"GOC","Argopecten","Molluscs excl. Cephalopods","ALMEJA","Pectinidae","CONAPESCA","Timeseries generated by Erica Ferrer, April 3 2026.Stock is estimated at the genus level.",TRUE,"Yes",NA,NA,NA,NA,NA,NA,NA,NA,NA,NA,NA,NA,NA,NA,NA,NA,NA,NA,NA,NA,NA,NA,NA,NA,NA,NA,NA,NA,"None","TRUE"
"GOC","Balistes","Demersal marine fishes","CARPA","Balistidae","CONAPESCA","Timeseries generated by Erica Ferrer, April 3 2026.Stock is estimated at the genus level.",TRUE,"Yes",NA,NA,NA,NA,NA,NA,NA,NA,NA,NA,NA,NA,NA,NA,NA,NA,NA,NA,NA,NA,NA,NA,NA,NA,NA,NA,NA,NA,"None","TRUE"
"GOC","Brotula","Demersal marine fishes","LENGUADO","Ophidiidae","CONAPESCA","Timeseries generated by Erica Ferrer, April 3 2026.Stock is estimated at the genus level.",TRUE,"Yes",NA,NA,NA,NA,NA,NA,NA,NA,NA,NA,NA,NA,NA,NA,NA,NA,NA,NA,NA,NA,NA,NA,NA,NA,NA,NA,NA,NA,"None","TRUE"
"GOC","Calamus","Demersal marine fishes","MOJARRA","Sparidae","CONAPESCA","Timeseries generated by Erica Ferrer, April 3 2026.Stock is estimated at the genus level.",TRUE,"Yes",NA,NA,NA,NA,NA,NA,NA,NA,NA,NA,NA,NA,NA,NA,NA,NA,NA,NA,NA,NA,NA,NA,NA,NA,NA,NA,NA,NA,"None","TRUE"
"GOC","Caranx","Pelagic marine fish (excl. anchovy & sardine)","BONITO","Carangidae","CONAPESCA","Timeseries generated by Erica Ferrer, April 3 2026.Stock is estimated at the genus level.",TRUE,"Yes",NA,NA,NA,NA,NA,NA,NA,NA,NA,NA,NA,NA,NA,NA,NA,NA,NA,NA,NA,NA,NA,NA,NA,NA,NA,NA,NA,NA,"None","TRUE"
"GOC","Carcharhinus","Sharks","TIBURON","Carcharhinidae","CONAPESCA","Timeseries generated by Erica Ferrer, April 3 2026.Stock is estimated at the genus level.",TRUE,"Yes",NA,NA,NA,NA,NA,NA,NA,NA,NA,NA,NA,NA,NA,NA,NA,NA,NA,NA,NA,NA,NA,NA,NA,NA,NA,NA,NA,NA,"None","TRUE"
"GOC","Caulolatilus","Demersal marine fishes","PIERNA","Malacanthidae","CONAPESCA","Timeseries generated by Erica Ferrer, April 3 2026.Stock is estimated at the genus level.",TRUE,"Yes",NA,NA,NA,NA,NA,NA,NA,NA,NA,NA,NA,NA,NA,NA,NA,NA,NA,NA,NA,NA,NA,NA,NA,NA,NA,NA,NA,NA,"None","TRUE"
"GOC","Centropomus","Demersal marine fishes","ROBALO","Centropomidae","CONAPESCA","Timeseries generated by Erica Ferrer, April 3 2026.Stock is estimated at the genus level.",TRUE,"Yes",NA,NA,NA,NA,NA,NA,NA,NA,NA,NA,NA,NA,NA,NA,NA,NA,NA,NA,NA,NA,NA,NA,NA,NA,NA,NA,NA,NA,"None","TRUE"
"GOC","Cetengraulis","Anchovy & Sardine (small pelagics)","SARDINA","Engraulidae","CONAPESCA","Timeseries generated by Erica Ferrer, April 3 2026.Stock is estimated at the genus level.",TRUE,"Yes",NA,NA,NA,NA,NA,NA,NA,NA,NA,NA,NA,NA,NA,NA,NA,NA,NA,NA,NA,NA,NA,NA,NA,NA,NA,NA,NA,NA,"None","TRUE"
"GOC","Chanos","Diadromous fishes","OTRAS","Chanidae","CONAPESCA","Timeseries generated by Erica Ferrer, April 3 2026.Stock is estimated at the genus level.",TRUE,"Yes",NA,NA,NA,NA,NA,NA,NA,NA,NA,NA,NA,NA,NA,NA,NA,NA,NA,NA,NA,NA,NA,NA,NA,NA,NA,NA,NA,NA,"None","TRUE"
"GOC","Coryphaena","Pelagic marine fish (excl. anchovy & sardine)","OTRAS","Coryphaenidae","CONAPESCA","Timeseries generated by Erica Ferrer, April 3 2026.Stock is estimated at the genus level.",TRUE,"Yes",NA,NA,NA,NA,NA,NA,NA,NA,NA,NA,NA,NA,NA,NA,NA,NA,NA,NA,NA,NA,NA,NA,NA,NA,NA,NA,NA,NA,"None","TRUE"
"GOC","Cynoscion","Demersal marine fishes","CORVINA","Sciaenidae","CONAPESCA","Timeseries generated by Erica Ferrer, April 3 2026.Stock is estimated at the genus level.",TRUE,"Yes",NA,NA,NA,NA,NA,NA,NA,NA,NA,NA,NA,NA,NA,NA,NA,NA,NA,NA,NA,NA,NA,NA,NA,NA,NA,NA,NA,NA,"None","TRUE"
"GOC","Diapterus","Demersal marine fishes","MOJARRA","Gerreidae","CONAPESCA","Timeseries generated by Erica Ferrer, April 3 2026.Stock is estimated at the genus level.",TRUE,"Yes",NA,NA,NA,NA,NA,NA,NA,NA,NA,NA,NA,NA,NA,NA,NA,NA,NA,NA,NA,NA,NA,NA,NA,NA,NA,NA,NA,NA,"None","TRUE"
"GOC","Diplectrum","Demersal marine fishes","OTRAS","Serranidae","CONAPESCA","Timeseries generated by Erica Ferrer, April 3 2026.Stock is estimated at the genus level.",TRUE,"Yes",NA,NA,NA,NA,NA,NA,NA,NA,NA,NA,NA,NA,NA,NA,NA,NA,NA,NA,NA,NA,NA,NA,NA,NA,NA,NA,NA,NA,"None","TRUE"
"GOC","Dosidicus","Cephalopods","CALAMAR","Ommastrephidae","CONAPESCA","Timeseries generated by Erica Ferrer, April 3 2026.Stock is estimated at the genus level.",TRUE,"Yes",NA,NA,NA,NA,NA,NA,NA,NA,NA,NA,NA,NA,NA,NA,NA,NA,NA,NA,NA,NA,NA,NA,NA,NA,NA,NA,NA,NA,"None","TRUE"
"GOC","Dosinia","Molluscs excl. Cephalopods","ALMEJA","Veneridae","CONAPESCA","Timeseries generated by Erica Ferrer, April 3 2026.Stock is estimated at the genus level.",TRUE,"Yes",NA,NA,NA,NA,NA,NA,NA,NA,NA,NA,NA,NA,NA,NA,NA,NA,NA,NA,NA,NA,NA,NA,NA,NA,NA,NA,NA,NA,"None","TRUE"
"GOC","Epinephelus","Demersal marine fishes","MERO","Serranidae","CONAPESCA","Timeseries generated by Erica Ferrer, April 3 2026.Stock is estimated at the genus level.",TRUE,"Yes",NA,NA,NA,NA,NA,NA,NA,NA,NA,NA,NA,NA,NA,NA,NA,NA,NA,NA,NA,NA,NA,NA,NA,NA,NA,NA,NA,NA,"None","TRUE"
"GOC","Especies","Echinoderms","PEPINO DE MAR","Family cannot be determined; class Holothuroidea","CONAPESCA","Timeseries generated by Erica Ferrer, April 3 2026.Stock is estimated at the genus level.",TRUE,"Yes",NA,NA,NA,NA,NA,NA,NA,NA,NA,NA,NA,NA,NA,NA,NA,NA,NA,NA,NA,NA,NA,NA,NA,NA,NA,NA,NA,NA,"None","TRUE"
"GOC","Etrumeus","Anchovy & Sardine (small pelagics)","SARDINA","Dussumieriidae","CONAPESCA","Timeseries generated by Erica Ferrer, April 3 2026.Stock is estimated at the genus level.",TRUE,"Yes",NA,NA,NA,NA,NA,NA,NA,NA,NA,NA,NA,NA,NA,NA,NA,NA,NA,NA,NA,NA,NA,NA,NA,NA,NA,NA,NA,NA,"None","TRUE"
"GOC","Eucinostomus","Demersal marine fishes","MOJARRA","Gerreidae","CONAPESCA","Timeseries generated by Erica Ferrer, April 3 2026.Stock is estimated at the genus level.",TRUE,"Yes",NA,NA,NA,NA,NA,NA,NA,NA,NA,NA,NA,NA,NA,NA,NA,NA,NA,NA,NA,NA,NA,NA,NA,NA,NA,NA,NA,NA,"None","TRUE"
"GOC","Eugerres","Demersal marine fishes","MOJARRA","Gerreidae","CONAPESCA","Timeseries generated by Erica Ferrer, April 3 2026.Stock is estimated at the genus level.",TRUE,"Yes",NA,NA,NA,NA,NA,NA,NA,NA,NA,NA,NA,NA,NA,NA,NA,NA,NA,NA,NA,NA,NA,NA,NA,NA,NA,NA,NA,NA,"None","TRUE"
"GOC","Farfantepenaeus","Shrimps, prawns","CAMARON","Penaeidae","CONAPESCA","Timeseries generated by Erica Ferrer, April 3 2026.Stock is estimated at the genus level.",TRUE,"Yes",NA,NA,NA,NA,NA,NA,NA,NA,NA,NA,NA,NA,NA,NA,NA,NA,NA,NA,NA,NA,NA,NA,NA,NA,NA,NA,NA,NA,"None","TRUE"
"GOC","Galeocerdo","Sharks","TIBURON","Carcharhinidae","CONAPESCA","Timeseries generated by Erica Ferrer, April 3 2026.Stock is estimated at the genus level.",TRUE,"Yes",NA,NA,NA,NA,NA,NA,NA,NA,NA,NA,NA,NA,NA,NA,NA,NA,NA,NA,NA,NA,NA,NA,NA,NA,NA,NA,NA,NA,"None","TRUE"
"GOC","Gerres","Demersal marine fishes","BANDERA","Gerreidae","CONAPESCA","Timeseries generated by Erica Ferrer, April 3 2026.Stock is estimated at the genus level.",TRUE,"Yes",NA,NA,NA,NA,NA,NA,NA,NA,NA,NA,NA,NA,NA,NA,NA,NA,NA,NA,NA,NA,NA,NA,NA,NA,NA,NA,NA,NA,"None","TRUE"
"GOC","Haemulon","Demersal marine fishes","RUBIO","Haemulidae","CONAPESCA","Timeseries generated by Erica Ferrer, April 3 2026.Stock is estimated at the genus level.",TRUE,"Yes",NA,NA,NA,NA,NA,NA,NA,NA,NA,NA,NA,NA,NA,NA,NA,NA,NA,NA,NA,NA,NA,NA,NA,NA,NA,NA,NA,NA,"None","TRUE"
"GOC","Haemulopsis","Demersal marine fishes","RONCO","Haemulidae","CONAPESCA","Timeseries generated by Erica Ferrer, April 3 2026.Stock is estimated at the genus level.",TRUE,"Yes",NA,NA,NA,NA,NA,NA,NA,NA,NA,NA,NA,NA,NA,NA,NA,NA,NA,NA,NA,NA,NA,NA,NA,NA,NA,NA,NA,NA,"None","TRUE"
"GOC","Hexaplex","Molluscs excl. Cephalopods","CARACOL","Muricidae","CONAPESCA","Timeseries generated by Erica Ferrer, April 3 2026.Stock is estimated at the genus level.",TRUE,"Yes",NA,NA,NA,NA,NA,NA,NA,NA,NA,NA,NA,NA,NA,NA,NA,NA,NA,NA,NA,NA,NA,NA,NA,NA,NA,NA,NA,NA,"None","TRUE"
"GOC","Hoplopagrus","Demersal marine fishes","PARGO","Lutjanidae","CONAPESCA","Timeseries generated by Erica Ferrer, April 3 2026.Stock is estimated at the genus level.",TRUE,"Yes",NA,NA,NA,NA,NA,NA,NA,NA,NA,NA,NA,NA,NA,NA,NA,NA,NA,NA,NA,NA,NA,NA,NA,NA,NA,NA,NA,NA,"None","TRUE"
"GOC","Hypanus","Demersal marine fishes","RAYA Y SIMILARES","Dasyatidae","CONAPESCA","Timeseries generated by Erica Ferrer, April 3 2026.Stock is estimated at the genus level.",TRUE,"Yes",NA,NA,NA,NA,NA,NA,NA,NA,NA,NA,NA,NA,NA,NA,NA,NA,NA,NA,NA,NA,NA,NA,NA,NA,NA,NA,NA,NA,"None","TRUE"
"GOC","Hyporthodus","Demersal marine fishes","BAQUETA","Serranidae","CONAPESCA","Timeseries generated by Erica Ferrer, April 3 2026.Stock is estimated at the genus level.",TRUE,"Yes",NA,NA,NA,NA,NA,NA,NA,NA,NA,NA,NA,NA,NA,NA,NA,NA,NA,NA,NA,NA,NA,NA,NA,NA,NA,NA,NA,NA,"None","TRUE"
"GOC","Istiophorus","Pelagic marine fish (excl. anchovy & sardine)","OTRAS","Istiophoridae","CONAPESCA","Timeseries generated by Erica Ferrer, April 3 2026.Stock is estimated at the genus level.",TRUE,"Yes",NA,NA,NA,NA,NA,NA,NA,NA,NA,NA,NA,NA,NA,NA,NA,NA,NA,NA,NA,NA,NA,NA,NA,NA,NA,NA,NA,NA,"None","TRUE"
"GOC","Katsuwonus","Pelagic marine fish (excl. anchovy & sardine)","BARRILETE","Scombridae","CONAPESCA","Timeseries generated by Erica Ferrer, April 3 2026.Stock is estimated at the genus level.",TRUE,"Yes",NA,NA,NA,NA,NA,NA,NA,NA,NA,NA,NA,NA,NA,NA,NA,NA,NA,NA,NA,NA,NA,NA,NA,NA,NA,NA,NA,NA,"None","TRUE"
"GOC","Lamna","Demersal marine fishes","PETO","Lamnidae","CONAPESCA","Timeseries generated by Erica Ferrer, April 3 2026.Stock is estimated at the genus level.",TRUE,"Yes",NA,NA,NA,NA,NA,NA,NA,NA,NA,NA,NA,NA,NA,NA,NA,NA,NA,NA,NA,NA,NA,NA,NA,NA,NA,NA,NA,NA,"None","TRUE"
"GOC","Lobatus","Molluscs excl. Cephalopods","CARACOL","Strombidae","CONAPESCA","Timeseries generated by Erica Ferrer, April 3 2026.Stock is estimated at the genus level.",TRUE,"Yes",NA,NA,NA,NA,NA,NA,NA,NA,NA,NA,NA,NA,NA,NA,NA,NA,NA,NA,NA,NA,NA,NA,NA,NA,NA,NA,NA,NA,"None","TRUE"
"GOC","Lutjanus","Demersal marine fishes","GUACHINANGO","Lutjanidae","CONAPESCA","Timeseries generated by Erica Ferrer, April 3 2026.Stock is estimated at the genus level.",TRUE,"Yes",NA,NA,NA,NA,NA,NA,NA,NA,NA,NA,NA,NA,NA,NA,NA,NA,NA,NA,NA,NA,NA,NA,NA,NA,NA,NA,NA,NA,"None","TRUE"
"GOC","Megapitaria","Molluscs excl. Cephalopods","ALMEJA","Veneridae","CONAPESCA","Timeseries generated by Erica Ferrer, April 3 2026.Stock is estimated at the genus level.",TRUE,"Yes",NA,NA,NA,NA,NA,NA,NA,NA,NA,NA,NA,NA,NA,NA,NA,NA,NA,NA,NA,NA,NA,NA,NA,NA,NA,NA,NA,NA,"None","TRUE"
"GOC","Menticirrhus","Demersal marine fishes","BERRUGATA","Sciaenidae","CONAPESCA","Timeseries generated by Erica Ferrer, April 3 2026.Stock is estimated at the genus level.",TRUE,"Yes",NA,NA,NA,NA,NA,NA,NA,NA,NA,NA,NA,NA,NA,NA,NA,NA,NA,NA,NA,NA,NA,NA,NA,NA,NA,NA,NA,NA,"None","TRUE"
"GOC","Merluccius","Demersal marine fishes","OTRAS","Merlucciidae","CONAPESCA","Timeseries generated by Erica Ferrer, April 3 2026.Stock is estimated at the genus level.",TRUE,"Yes",NA,NA,NA,NA,NA,NA,NA,NA,NA,NA,NA,NA,NA,NA,NA,NA,NA,NA,NA,NA,NA,NA,NA,NA,NA,NA,NA,NA,"None","TRUE"
"GOC","Microlepidotus","Demersal marine fishes","OTRAS","Haemulidae","CONAPESCA","Timeseries generated by Erica Ferrer, April 3 2026.Stock is estimated at the genus level.",TRUE,"Yes",NA,NA,NA,NA,NA,NA,NA,NA,NA,NA,NA,NA,NA,NA,NA,NA,NA,NA,NA,NA,NA,NA,NA,NA,NA,NA,NA,NA,"None","TRUE"
"GOC","Micropogonias","Demersal marine fishes","BERRUGATA","Sciaenidae","CONAPESCA","Timeseries generated by Erica Ferrer, April 3 2026.Stock is estimated at the genus level.",TRUE,"Yes",NA,NA,NA,NA,NA,NA,NA,NA,NA,NA,NA,NA,NA,NA,NA,NA,NA,NA,NA,NA,NA,NA,NA,NA,NA,NA,NA,NA,"None","TRUE"
"GOC","Mobula","Demersal marine fishes","RAYA Y SIMILARES","Myliobatidae","CONAPESCA","Timeseries generated by Erica Ferrer, April 3 2026.Stock is estimated at the genus level.",TRUE,"Yes",NA,NA,NA,NA,NA,NA,NA,NA,NA,NA,NA,NA,NA,NA,NA,NA,NA,NA,NA,NA,NA,NA,NA,NA,NA,NA,NA,NA,"None","TRUE"
"GOC","Mugil","Demersal marine fishes","LISA","Mugilidae","CONAPESCA","Timeseries generated by Erica Ferrer, April 3 2026.Stock is estimated at the genus level.",TRUE,"Yes",NA,NA,NA,NA,NA,NA,NA,NA,NA,NA,NA,NA,NA,NA,NA,NA,NA,NA,NA,NA,NA,NA,NA,NA,NA,NA,NA,NA,"None","TRUE"
"GOC","Mustelus","Sharks","TIBURON","Triakidae","CONAPESCA","Timeseries generated by Erica Ferrer, April 3 2026.Stock is estimated at the genus level.",TRUE,"Yes",NA,NA,NA,NA,NA,NA,NA,NA,NA,NA,NA,NA,NA,NA,NA,NA,NA,NA,NA,NA,NA,NA,NA,NA,NA,NA,NA,NA,"None","TRUE"
"GOC","Mycteroperca","Demersal marine fishes","CABRILLA","Serranidae","CONAPESCA","Timeseries generated by Erica Ferrer, April 3 2026.Stock is estimated at the genus level.",TRUE,"Yes",NA,NA,NA,NA,NA,NA,NA,NA,NA,NA,NA,NA,NA,NA,NA,NA,NA,NA,NA,NA,NA,NA,NA,NA,NA,NA,NA,NA,"None","TRUE"
"GOC","Nematistius","Demersal marine fishes","OTRAS","Nematistiidae","CONAPESCA","Timeseries generated by Erica Ferrer, April 3 2026.Stock is estimated at the genus level.",TRUE,"Yes",NA,NA,NA,NA,NA,NA,NA,NA,NA,NA,NA,NA,NA,NA,NA,NA,NA,NA,NA,NA,NA,NA,NA,NA,NA,NA,NA,NA,"None","TRUE"
"GOC","Oligoplites","Anchovy & Sardine (small pelagics)","SARDINA","Carangidae","CONAPESCA","Timeseries generated by Erica Ferrer, April 3 2026.Stock is estimated at the genus level.",TRUE,"Yes",NA,NA,NA,NA,NA,NA,NA,NA,NA,NA,NA,NA,NA,NA,NA,NA,NA,NA,NA,NA,NA,NA,NA,NA,NA,NA,NA,NA,"None","TRUE"
"GOC","Opisthonema","Anchovy & Sardine (small pelagics)","SARDINA","Clupeidae","CONAPESCA","Timeseries generated by Erica Ferrer, April 3 2026.Stock is estimated at the genus level.",TRUE,"Yes",NA,NA,NA,NA,NA,NA,NA,NA,NA,NA,NA,NA,NA,NA,NA,NA,NA,NA,NA,NA,NA,NA,NA,NA,NA,NA,NA,NA,"None","TRUE"
"GOC","Orthopristis","Demersal marine fishes","OTRAS","Haemulidae","CONAPESCA","Timeseries generated by Erica Ferrer, April 3 2026.Stock is estimated at the genus level.",TRUE,"Yes",NA,NA,NA,NA,NA,NA,NA,NA,NA,NA,NA,NA,NA,NA,NA,NA,NA,NA,NA,NA,NA,NA,NA,NA,NA,NA,NA,NA,"None","TRUE"
"GOC","Panulirus","Crustaceans","LANGOSTA","Palinuridae","CONAPESCA","Timeseries generated by Erica Ferrer, April 3 2026.Stock is estimated at the genus level.",TRUE,"Yes",NA,NA,NA,NA,NA,NA,NA,NA,NA,NA,NA,NA,NA,NA,NA,NA,NA,NA,NA,NA,NA,NA,NA,NA,NA,NA,NA,NA,"None","TRUE"
"GOC","Paralabrax","Demersal marine fishes","CABRILLA","Serranidae","CONAPESCA","Timeseries generated by Erica Ferrer, April 3 2026.Stock is estimated at the genus level.",TRUE,"Yes",NA,NA,NA,NA,NA,NA,NA,NA,NA,NA,NA,NA,NA,NA,NA,NA,NA,NA,NA,NA,NA,NA,NA,NA,NA,NA,NA,NA,"None","TRUE"
"GOC","Parapsettus","Demersal marine fishes","OTRAS","Ephippidae","CONAPESCA","Timeseries generated by Erica Ferrer, April 3 2026.Stock is estimated at the genus level.",TRUE,"Yes",NA,NA,NA,NA,NA,NA,NA,NA,NA,NA,NA,NA,NA,NA,NA,NA,NA,NA,NA,NA,NA,NA,NA,NA,NA,NA,NA,NA,"None","TRUE"
"GOC","Penaeus","Shrimps, prawns","CAMARON","Penaeidae","CONAPESCA","Timeseries generated by Erica Ferrer, April 3 2026.Stock is estimated at the genus level.",TRUE,"Yes",NA,NA,NA,NA,NA,NA,NA,NA,NA,NA,NA,NA,NA,NA,NA,NA,NA,NA,NA,NA,NA,NA,NA,NA,NA,NA,NA,NA,"None","TRUE"
"GOC","Pseudobatos","Demersal marine fishes","RAYA Y SIMILARES","Rhinobatidae","CONAPESCA","Timeseries generated by Erica Ferrer, April 3 2026.Stock is estimated at the genus level.",TRUE,"Yes",NA,NA,NA,NA,NA,NA,NA,NA,NA,NA,NA,NA,NA,NA,NA,NA,NA,NA,NA,NA,NA,NA,NA,NA,NA,NA,NA,NA,"None","TRUE"
"GOC","Rimapenaeus","Shrimps, prawns","CAMARON","Penaeidae","CONAPESCA","Timeseries generated by Erica Ferrer, April 3 2026.Stock is estimated at the genus level.",TRUE,"Yes",NA,NA,NA,NA,NA,NA,NA,NA,NA,NA,NA,NA,NA,NA,NA,NA,NA,NA,NA,NA,NA,NA,NA,NA,NA,NA,NA,NA,"None","TRUE"
"GOC","Sarda","Pelagic marine fish (excl. anchovy & sardine)","BONITO","Carangidae","CONAPESCA","Timeseries generated by Erica Ferrer, April 3 2026.Stock is estimated at the genus level.",TRUE,"Yes",NA,NA,NA,NA,NA,NA,NA,NA,NA,NA,NA,NA,NA,NA,NA,NA,NA,NA,NA,NA,NA,NA,NA,NA,NA,NA,NA,NA,"None","TRUE"
"GOC","Sardinops","Anchovy & Sardine (small pelagics)","SARDINA","Clupeidae","CONAPESCA","Timeseries generated by Erica Ferrer, April 3 2026.Stock is estimated at the genus level.",TRUE,"Yes",NA,NA,NA,NA,NA,NA,NA,NA,NA,NA,NA,NA,NA,NA,NA,NA,NA,NA,NA,NA,NA,NA,NA,NA,NA,NA,NA,NA,"None","TRUE"
"GOC","Scomber","Pelagic marine fish (excl. anchovy & sardine)","MACARELA","Scombridae","CONAPESCA","Timeseries generated by Erica Ferrer, April 3 2026.Stock is estimated at the genus level.",TRUE,"Yes",NA,NA,NA,NA,NA,NA,NA,NA,NA,NA,NA,NA,NA,NA,NA,NA,NA,NA,NA,NA,NA,NA,NA,NA,NA,NA,NA,NA,"None","TRUE"
"GOC","Scomberomorus","Pelagic marine fish (excl. anchovy & sardine)","SIERRA","Scombridae","CONAPESCA","Timeseries generated by Erica Ferrer, April 3 2026.Stock is estimated at the genus level.",TRUE,"Yes",NA,NA,NA,NA,NA,NA,NA,NA,NA,NA,NA,NA,NA,NA,NA,NA,NA,NA,NA,NA,NA,NA,NA,NA,NA,NA,NA,NA,"None","TRUE"
"GOC","Scorpaena","Demersal marine fishes","OTRAS","Scorpaenidae","CONAPESCA","Timeseries generated by Erica Ferrer, April 3 2026.Stock is estimated at the genus level.",TRUE,"Yes",NA,NA,NA,NA,NA,NA,NA,NA,NA,NA,NA,NA,NA,NA,NA,NA,NA,NA,NA,NA,NA,NA,NA,NA,NA,NA,NA,NA,"None","TRUE"
"GOC","Selene","Pelagic marine fish (excl. anchovy & sardine)","RONCO","Carangidae","CONAPESCA","Timeseries generated by Erica Ferrer, April 3 2026.Stock is estimated at the genus level.",TRUE,"Yes",NA,NA,NA,NA,NA,NA,NA,NA,NA,NA,NA,NA,NA,NA,NA,NA,NA,NA,NA,NA,NA,NA,NA,NA,NA,NA,NA,NA,"None","TRUE"
"GOC","Seriola","Pelagic marine fish (excl. anchovy & sardine)","ESMEDREGAL","Carangidae","CONAPESCA","Timeseries generated by Erica Ferrer, April 3 2026.Stock is estimated at the genus level.",TRUE,"Yes",NA,NA,NA,NA,NA,NA,NA,NA,NA,NA,NA,NA,NA,NA,NA,NA,NA,NA,NA,NA,NA,NA,NA,NA,NA,NA,NA,NA,"None","TRUE"
"GOC","Sphoeroides","Demersal marine fishes","OTRAS","Tetraodontidae","CONAPESCA","Timeseries generated by Erica Ferrer, April 3 2026.Stock is estimated at the genus level.",TRUE,"Yes",NA,NA,NA,NA,NA,NA,NA,NA,NA,NA,NA,NA,NA,NA,NA,NA,NA,NA,NA,NA,NA,NA,NA,NA,NA,NA,NA,NA,"None","TRUE"
"GOC","Sphyrna","Sharks","TIBURON","Sphyrnidae","CONAPESCA","Timeseries generated by Erica Ferrer, April 3 2026.Stock is estimated at the genus level.",TRUE,"Yes",NA,NA,NA,NA,NA,NA,NA,NA,NA,NA,NA,NA,NA,NA,NA,NA,NA,NA,NA,NA,NA,NA,NA,NA,NA,NA,NA,NA,"None","TRUE"
"GOC","Squatina","Sharks","TIBURON","Squatinidae","CONAPESCA","Timeseries generated by Erica Ferrer, April 3 2026.Stock is estimated at the genus level.",TRUE,"Yes",NA,NA,NA,NA,NA,NA,NA,NA,NA,NA,NA,NA,NA,NA,NA,NA,NA,NA,NA,NA,NA,NA,NA,NA,NA,NA,NA,NA,"None","TRUE"
"GOC","Stereolepis","Demersal marine fishes","OTRAS","Polyprionidae","CONAPESCA","Timeseries generated by Erica Ferrer, April 3 2026.Stock is estimated at the genus level.",TRUE,"Yes",NA,NA,NA,NA,NA,NA,NA,NA,NA,NA,NA,NA,NA,NA,NA,NA,NA,NA,NA,NA,NA,NA,NA,NA,NA,NA,NA,NA,"None","TRUE"
"GOC","Synodus","Demersal marine fishes","OTRAS","Synodontidae","CONAPESCA","Timeseries generated by Erica Ferrer, April 3 2026.Stock is estimated at the genus level.",TRUE,"Yes",NA,NA,NA,NA,NA,NA,NA,NA,NA,NA,NA,NA,NA,NA,NA,NA,NA,NA,NA,NA,NA,NA,NA,NA,NA,NA,NA,NA,"None","TRUE"
"GOC","Thunnus","Pelagic marine fish (excl. anchovy & sardine)","ATUN","Scombridae","CONAPESCA","Timeseries generated by Erica Ferrer, April 3 2026.Stock is estimated at the genus level.",TRUE,"Yes",NA,NA,NA,NA,NA,NA,NA,NA,NA,NA,NA,NA,NA,NA,NA,NA,NA,NA,NA,NA,NA,NA,NA,NA,NA,NA,NA,NA,"None","TRUE"
"GOC","Trachinotus","Pelagic marine fish (excl. anchovy & sardine)","PAMPANO","Carangidae","CONAPESCA","Timeseries generated by Erica Ferrer, April 3 2026.Stock is estimated at the genus level.",TRUE,"Yes",NA,NA,NA,NA,NA,NA,NA,NA,NA,NA,NA,NA,NA,NA,NA,NA,NA,NA,NA,NA,NA,NA,NA,NA,NA,NA,NA,NA,"None","TRUE"
"GOC","Xenichthys","Demersal marine fishes","OTRAS","Haemulidae","CONAPESCA","Timeseries generated by Erica Ferrer, April 3 2026.Stock is estimated at the genus level.",TRUE,"Yes",NA,NA,NA,NA,NA,NA,NA,NA,NA,NA,NA,NA,NA,NA,NA,NA,NA,NA,NA,NA,NA,NA,NA,NA,NA,NA,NA,NA,"None","TRUE"
"GOC","Xiphias","Pelagic marine fish (excl. anchovy & sardine)","OTRAS","Xiphiidae","CONAPESCA","Timeseries generated by Erica Ferrer, April 3 2026.Stock is estimated at the genus level.",TRUE,"Yes",NA,NA,NA,NA,NA,NA,NA,NA,NA,NA,NA,NA,NA,NA,NA,NA,NA,NA,NA,NA,NA,NA,NA,NA,NA,NA,NA,NA,"None","TRUE"
"GOC","Nicholsina","Demersal marine fishes","OTRAS","Scaridae","CONAPESCA","Timeseries generated by Erica Ferrer, April 3 2026.Stock is estimated at the genus level.",TRUE,"Yes",NA,NA,NA,NA,NA,NA,NA,NA,NA,NA,NA,NA,NA,NA,NA,NA,NA,NA,NA,NA,NA,NA,NA,NA,NA,NA,NA,NA,"None","TRUE"
"GOC","Prionace","Sharks","TIBURON","Carcharhinidae","CONAPESCA","Timeseries generated by Erica Ferrer, April 3 2026.Stock is estimated at the genus level.",TRUE,"Yes",NA,NA,NA,NA,NA,NA,NA,NA,NA,NA,NA,NA,NA,NA,NA,NA,NA,NA,NA,NA,NA,NA,NA,NA,NA,NA,NA,NA,"None","TRUE"
"GOC","Alopias","Sharks","TIBURON","Alopiidae","CONAPESCA","Timeseries generated by Erica Ferrer, April 3 2026.Stock is estimated at the genus level.",TRUE,"Yes",NA,NA,NA,NA,NA,NA,NA,NA,NA,NA,NA,NA,NA,NA,NA,NA,NA,NA,NA,NA,NA,NA,NA,NA,NA,NA,NA,NA,"None","TRUE"
"GOC","Paranthias","Demersal marine fishes","OTRAS","Serranidae","CONAPESCA","Timeseries generated by Erica Ferrer, April 3 2026.Stock is estimated at the genus level.",TRUE,"Yes",NA,NA,NA,NA,NA,NA,NA,NA,NA,NA,NA,NA,NA,NA,NA,NA,NA,NA,NA,NA,NA,NA,NA,NA,NA,NA,NA,NA,"None","TRUE"
"GOC","Sphyraena","Pelagic marine fish (excl. anchovy & sardine)","OTRAS","Sphyraenidae","CONAPESCA","Timeseries generated by Erica Ferrer, April 3 2026.Stock is estimated at the genus level.",TRUE,"Yes",NA,NA,NA,NA,NA,NA,NA,NA,NA,NA,NA,NA,NA,NA,NA,NA,NA,NA,NA,NA,NA,NA,NA,NA,NA,NA,NA,NA,"None","TRUE"
"GOC","Euthynnus","Pelagic marine fish (excl. anchovy & sardine)","BARRILETE","Scombridae","CONAPESCA","Timeseries generated by Erica Ferrer, April 3 2026.Stock is estimated at the genus level.",TRUE,"Yes",NA,NA,NA,NA,NA,NA,NA,NA,NA,NA,NA,NA,NA,NA,NA,NA,NA,NA,NA,NA,NA,NA,NA,NA,NA,NA,NA,NA,"None","TRUE"
"GOC","Negaprion","Sharks","TIBURON","Carcharhinidae","CONAPESCA","Timeseries generated by Erica Ferrer, April 3 2026.Stock is estimated at the genus level.",TRUE,"Yes",NA,NA,NA,NA,NA,NA,NA,NA,NA,NA,NA,NA,NA,NA,NA,NA,NA,NA,NA,NA,NA,NA,NA,NA,NA,NA,NA,NA,"None","TRUE"
"GOC","Callinectes","Crustaceans","JAIBA","Portunidae","CONAPESCA","Timeseries generated by Erica Ferrer, April 3 2026.Stock is estimated at the genus level.",TRUE,"Yes",NA,NA,NA,NA,NA,NA,NA,NA,NA,NA,NA,NA,NA,NA,NA,NA,NA,NA,NA,NA,NA,NA,NA,NA,NA,NA,NA,NA,"None","TRUE"
"GOC","Isurus","Sharks","TIBURON","Lamnidae","CONAPESCA","Timeseries generated by Erica Ferrer, April 3 2026.Stock is estimated at the genus level.",TRUE,"Yes",NA,NA,NA,NA,NA,NA,NA,NA,NA,NA,NA,NA,NA,NA,NA,NA,NA,NA,NA,NA,NA,NA,NA,NA,NA,NA,NA,NA,"None","TRUE"
"GOC","Larimus","Demersal marine fishes","CORVINA","Sciaenidae","CONAPESCA","Timeseries generated by Erica Ferrer, April 3 2026.Stock is estimated at the genus level.",TRUE,"Yes",NA,NA,NA,NA,NA,NA,NA,NA,NA,NA,NA,NA,NA,NA,NA,NA,NA,NA,NA,NA,NA,NA,NA,NA,NA,NA,NA,NA,"None","TRUE"
"GOC","Panopea","Molluscs excl. Cephalopods","ALMEJA","Hiatellidae","CONAPESCA","Timeseries generated by Erica Ferrer, April 3 2026.Stock is estimated at the genus level.",TRUE,"Yes",NA,NA,NA,NA,NA,NA,NA,NA,NA,NA,NA,NA,NA,NA,NA,NA,NA,NA,NA,NA,NA,NA,NA,NA,NA,NA,NA,NA,"None","TRUE"
"GOC","Nasolamia","Sharks","TIBURON","Carcharhinidae","CONAPESCA","Timeseries generated by Erica Ferrer, April 3 2026.Stock is estimated at the genus level.",TRUE,"Yes",NA,NA,NA,NA,NA,NA,NA,NA,NA,NA,NA,NA,NA,NA,NA,NA,NA,NA,NA,NA,NA,NA,NA,NA,NA,NA,NA,NA,"None","TRUE"
"GOC","Trichiurus","Pelagic marine fish (excl. anchovy & sardine)","CINTILLA","Trichiuridae","CONAPESCA","Timeseries generated by Erica Ferrer, April 3 2026.Stock is estimated at the genus level.",TRUE,"Yes",NA,NA,NA,NA,NA,NA,NA,NA,NA,NA,NA,NA,NA,NA,NA,NA,NA,NA,NA,NA,NA,NA,NA,NA,NA,NA,NA,NA,"None","TRUE"
"GOC","Turbo","Molluscs excl. Cephalopods","CARACOL","Turbinidae","CONAPESCA","Timeseries generated by Erica Ferrer, April 3 2026.Stock is estimated at the genus level.",TRUE,"Yes",NA,NA,NA,NA,NA,NA,NA,NA,NA,NA,NA,NA,NA,NA,NA,NA,NA,NA,NA,NA,NA,NA,NA,NA,NA,NA,NA,NA,"None","TRUE"
"GOC","Stomolophus","Jellies","OTRAS","Stomolophidae","CONAPESCA","Timeseries generated by Erica Ferrer, April 3 2026.Stock is estimated at the genus level.",TRUE,"Yes",NA,NA,NA,NA,NA,NA,NA,NA,NA,NA,NA,NA,NA,NA,NA,NA,NA,NA,NA,NA,NA,NA,NA,NA,NA,NA,NA,NA,"None","TRUE"
"GOC","Chione","Molluscs excl. Cephalopods","ALMEJA","Veneridae","CONAPESCA","Timeseries generated by Erica Ferrer, April 3 2026.Stock is estimated at the genus level.",TRUE,"Yes",NA,NA,NA,NA,NA,NA,NA,NA,NA,NA,NA,NA,NA,NA,NA,NA,NA,NA,NA,NA,NA,NA,NA,NA,NA,NA,NA,NA,"None","TRUE"
"GOC","Galeorhinus","Sharks","TIBURON","Triakidae","CONAPESCA","Timeseries generated by Erica Ferrer, April 3 2026.Stock is estimated at the genus level.",TRUE,"Yes",NA,NA,NA,NA,NA,NA,NA,NA,NA,NA,NA,NA,NA,NA,NA,NA,NA,NA,NA,NA,NA,NA,NA,NA,NA,NA,NA,NA,"None","TRUE"
