stockid,year,ram_bmsy,assessid,stocklong,assessyear,scientificname,commonname,areaname,managementauthority,assessorfull,region,FisheryType,taxGroup,primary_FAOarea,primary_country
BIGEYEEPAC,2001,1.17,IATTC-BIGEYEEPAC-1954-2018-PONS,Bigeye tuna Eastern Pacific,1954-2018,Thunnus obesus,Bigeye tuna,Eastern Pacific,Inter-American Tropical Tuna Commission,Inter-American Tropical Tuna Commission,Pacific Ocean,Tuna and Marlin,tuna-billfish,77,Ecuador
BIGEYEEPAC,2002,1.09,IATTC-BIGEYEEPAC-1954-2018-PONS,Bigeye tuna Eastern Pacific,1954-2018,Thunnus obesus,Bigeye tuna,Eastern Pacific,Inter-American Tropical Tuna Commission,Inter-American Tropical Tuna Commission,Pacific Ocean,Tuna and Marlin,tuna-billfish,77,Ecuador
BIGEYEEPAC,2003,1.11,IATTC-BIGEYEEPAC-1954-2018-PONS,Bigeye tuna Eastern Pacific,1954-2018,Thunnus obesus,Bigeye tuna,Eastern Pacific,Inter-American Tropical Tuna Commission,Inter-American Tropical Tuna Commission,Pacific Ocean,Tuna and Marlin,tuna-billfish,77,Ecuador
BIGEYEEPAC,2004,1.19,IATTC-BIGEYEEPAC-1954-2018-PONS,Bigeye tuna Eastern Pacific,1954-2018,Thunnus obesus,Bigeye tuna,Eastern Pacific,Inter-American Tropical Tuna Commission,Inter-American Tropical Tuna Commission,Pacific Ocean,Tuna and Marlin,tuna-billfish,77,Ecuador
BIGEYEEPAC,2005,1.29,IATTC-BIGEYEEPAC-1954-2018-PONS,Bigeye tuna Eastern Pacific,1954-2018,Thunnus obesus,Bigeye tuna,Eastern Pacific,Inter-American Tropical Tuna Commission,Inter-American Tropical Tuna Commission,Pacific Ocean,Tuna and Marlin,tuna-billfish,77,Ecuador
BIGEYEEPAC,2006,1.39,IATTC-BIGEYEEPAC-1954-2018-PONS,Bigeye tuna Eastern Pacific,1954-2018,Thunnus obesus,Bigeye tuna,Eastern Pacific,Inter-American Tropical Tuna Commission,Inter-American Tropical Tuna Commission,Pacific Ocean,Tuna and Marlin,tuna-billfish,77,Ecuador
BIGEYEEPAC,2007,1.39,IATTC-BIGEYEEPAC-1954-2018-PONS,Bigeye tuna Eastern Pacific,1954-2018,Thunnus obesus,Bigeye tuna,Eastern Pacific,Inter-American Tropical Tuna Commission,Inter-American Tropical Tuna Commission,Pacific Ocean,Tuna and Marlin,tuna-billfish,77,Ecuador
BIGEYEEPAC,2008,1.3,IATTC-BIGEYEEPAC-1954-2018-PONS,Bigeye tuna Eastern Pacific,1954-2018,Thunnus obesus,Bigeye tuna,Eastern Pacific,Inter-American Tropical Tuna Commission,Inter-American Tropical Tuna Commission,Pacific Ocean,Tuna and Marlin,tuna-billfish,77,Ecuador
BIGEYEEPAC,2009,1.17,IATTC-BIGEYEEPAC-1954-2018-PONS,Bigeye tuna Eastern Pacific,1954-2018,Thunnus obesus,Bigeye tuna,Eastern Pacific,Inter-American Tropical Tuna Commission,Inter-American Tropical Tuna Commission,Pacific Ocean,Tuna and Marlin,tuna-billfish,77,Ecuador
BIGEYEEPAC,2010,1.04,IATTC-BIGEYEEPAC-1954-2018-PONS,Bigeye tuna Eastern Pacific,1954-2018,Thunnus obesus,Bigeye tuna,Eastern Pacific,Inter-American Tropical Tuna Commission,Inter-American Tropical Tuna Commission,Pacific Ocean,Tuna and Marlin,tuna-billfish,77,Ecuador
BIGEYEEPAC,2011,0.955,IATTC-BIGEYEEPAC-1954-2018-PONS,Bigeye tuna Eastern Pacific,1954-2018,Thunnus obesus,Bigeye tuna,Eastern Pacific,Inter-American Tropical Tuna Commission,Inter-American Tropical Tuna Commission,Pacific Ocean,Tuna and Marlin,tuna-billfish,77,Ecuador
BIGEYEEPAC,2012,0.945,IATTC-BIGEYEEPAC-1954-2018-PONS,Bigeye tuna Eastern Pacific,1954-2018,Thunnus obesus,Bigeye tuna,Eastern Pacific,Inter-American Tropical Tuna Commission,Inter-American Tropical Tuna Commission,Pacific Ocean,Tuna and Marlin,tuna-billfish,77,Ecuador
BIGEYEEPAC,2013,0.70608,IATTC-BIGEYEEPAC-1954-2018-PONS,Bigeye tuna Eastern Pacific,1954-2018,Thunnus obesus,Bigeye tuna,Eastern Pacific,Inter-American Tropical Tuna Commission,Inter-American Tropical Tuna Commission,Pacific Ocean,Tuna and Marlin,tuna-billfish,77,Ecuador
BIGEYEEPAC,2014,0.76236,IATTC-BIGEYEEPAC-1954-2018-PONS,Bigeye tuna Eastern Pacific,1954-2018,Thunnus obesus,Bigeye tuna,Eastern Pacific,Inter-American Tropical Tuna Commission,Inter-American Tropical Tuna Commission,Pacific Ocean,Tuna and Marlin,tuna-billfish,77,Ecuador
BIGEYEEPAC,2015,0.838063,IATTC-BIGEYEEPAC-1954-2018-PONS,Bigeye tuna Eastern Pacific,1954-2018,Thunnus obesus,Bigeye tuna,Eastern Pacific,Inter-American Tropical Tuna Commission,Inter-American Tropical Tuna Commission,Pacific Ocean,Tuna and Marlin,tuna-billfish,77,Ecuador
BIGEYEEPAC,2016,1.01931,IATTC-BIGEYEEPAC-1954-2018-PONS,Bigeye tuna Eastern Pacific,1954-2018,Thunnus obesus,Bigeye tuna,Eastern Pacific,Inter-American Tropical Tuna Commission,Inter-American Tropical Tuna Commission,Pacific Ocean,Tuna and Marlin,tuna-billfish,77,Ecuador
BIGEYEEPAC,2017,1.08737,IATTC-BIGEYEEPAC-1954-2018-PONS,Bigeye tuna Eastern Pacific,1954-2018,Thunnus obesus,Bigeye tuna,Eastern Pacific,Inter-American Tropical Tuna Commission,Inter-American Tropical Tuna Commission,Pacific Ocean,Tuna and Marlin,tuna-billfish,77,Ecuador
BIGEYEEPAC,2018,1.01502,IATTC-BIGEYEEPAC-1954-2018-PONS,Bigeye tuna Eastern Pacific,1954-2018,Thunnus obesus,Bigeye tuna,Eastern Pacific,Inter-American Tropical Tuna Commission,Inter-American Tropical Tuna Commission,Pacific Ocean,Tuna and Marlin,tuna-billfish,77,Ecuador
BLSHARNPAC,2001,1.37,SPC-BLSHARNPAC-1970-2015-SMITH,Blue shark North Pacific,1970-2015,Prionace glauca,Blue shark,North Pacific,Western and Central Pacific Fisheries Commission,Secretariat of the Pacific Community,Pacific Ocean,Sharks Rays and Skates,elasmobranchs,77,Japan
BLSHARNPAC,2002,1.42,SPC-BLSHARNPAC-1970-2015-SMITH,Blue shark North Pacific,1970-2015,Prionace glauca,Blue shark,North Pacific,Western and Central Pacific Fisheries Commission,Secretariat of the Pacific Community,Pacific Ocean,Sharks Rays and Skates,elasmobranchs,77,Japan
BLSHARNPAC,2003,1.46,SPC-BLSHARNPAC-1970-2015-SMITH,Blue shark North Pacific,1970-2015,Prionace glauca,Blue shark,North Pacific,Western and Central Pacific Fisheries Commission,Secretariat of the Pacific Community,Pacific Ocean,Sharks Rays and Skates,elasmobranchs,77,Japan
BLSHARNPAC,2004,1.5,SPC-BLSHARNPAC-1970-2015-SMITH,Blue shark North Pacific,1970-2015,Prionace glauca,Blue shark,North Pacific,Western and Central Pacific Fisheries Commission,Secretariat of the Pacific Community,Pacific Ocean,Sharks Rays and Skates,elasmobranchs,77,Japan
BLSHARNPAC,2005,1.53,SPC-BLSHARNPAC-1970-2015-SMITH,Blue shark North Pacific,1970-2015,Prionace glauca,Blue shark,North Pacific,Western and Central Pacific Fisheries Commission,Secretariat of the Pacific Community,Pacific Ocean,Sharks Rays and Skates,elasmobranchs,77,Japan
BLSHARNPAC,2006,1.55,SPC-BLSHARNPAC-1970-2015-SMITH,Blue shark North Pacific,1970-2015,Prionace glauca,Blue shark,North Pacific,Western and Central Pacific Fisheries Commission,Secretariat of the Pacific Community,Pacific Ocean,Sharks Rays and Skates,elasmobranchs,77,Japan
BLSHARNPAC,2007,1.56,SPC-BLSHARNPAC-1970-2015-SMITH,Blue shark North Pacific,1970-2015,Prionace glauca,Blue shark,North Pacific,Western and Central Pacific Fisheries Commission,Secretariat of the Pacific Community,Pacific Ocean,Sharks Rays and Skates,elasmobranchs,77,Japan
BLSHARNPAC,2008,1.56,SPC-BLSHARNPAC-1970-2015-SMITH,Blue shark North Pacific,1970-2015,Prionace glauca,Blue shark,North Pacific,Western and Central Pacific Fisheries Commission,Secretariat of the Pacific Community,Pacific Ocean,Sharks Rays and Skates,elasmobranchs,77,Japan
BLSHARNPAC,2009,1.58,SPC-BLSHARNPAC-1970-2015-SMITH,Blue shark North Pacific,1970-2015,Prionace glauca,Blue shark,North Pacific,Western and Central Pacific Fisheries Commission,Secretariat of the Pacific Community,Pacific Ocean,Sharks Rays and Skates,elasmobranchs,77,Japan
BLSHARNPAC,2010,1.6,SPC-BLSHARNPAC-1970-2015-SMITH,Blue shark North Pacific,1970-2015,Prionace glauca,Blue shark,North Pacific,Western and Central Pacific Fisheries Commission,Secretariat of the Pacific Community,Pacific Ocean,Sharks Rays and Skates,elasmobranchs,77,Japan
BLSHARNPAC,2011,1.62,SPC-BLSHARNPAC-1970-2015-SMITH,Blue shark North Pacific,1970-2015,Prionace glauca,Blue shark,North Pacific,Western and Central Pacific Fisheries Commission,Secretariat of the Pacific Community,Pacific Ocean,Sharks Rays and Skates,elasmobranchs,77,Japan
BLSHARNPAC,2012,1.63,SPC-BLSHARNPAC-1970-2015-SMITH,Blue shark North Pacific,1970-2015,Prionace glauca,Blue shark,North Pacific,Western and Central Pacific Fisheries Commission,Secretariat of the Pacific Community,Pacific Ocean,Sharks Rays and Skates,elasmobranchs,77,Japan
BLSHARNPAC,2013,1.65,SPC-BLSHARNPAC-1970-2015-SMITH,Blue shark North Pacific,1970-2015,Prionace glauca,Blue shark,North Pacific,Western and Central Pacific Fisheries Commission,Secretariat of the Pacific Community,Pacific Ocean,Sharks Rays and Skates,elasmobranchs,77,Japan
BLSHARNPAC,2014,1.68,SPC-BLSHARNPAC-1970-2015-SMITH,Blue shark North Pacific,1970-2015,Prionace glauca,Blue shark,North Pacific,Western and Central Pacific Fisheries Commission,Secretariat of the Pacific Community,Pacific Ocean,Sharks Rays and Skates,elasmobranchs,77,Japan
BLSHARNPAC,2015,1.69,SPC-BLSHARNPAC-1970-2015-SMITH,Blue shark North Pacific,1970-2015,Prionace glauca,Blue shark,North Pacific,Western and Central Pacific Fisheries Commission,Secretariat of the Pacific Community,Pacific Ocean,Sharks Rays and Skates,elasmobranchs,77,Japan
CMACKPCOAST,2001,0.267250749854933,SWFSC-CMACKPCOAST-1983-2020-SISIMP2024,Pacific chub mackerel Pacific Coast,1983-2020,Scomber japonicus,Pacific chub mackerel,Pacific Coast,"National Marine Fisheries Service, US national management",Southwest Fisheries Science Center,US West Coast,Forage Fish,carangids-mackerels,77,USA
CMACKPCOAST,2002,0.222300317922146,SWFSC-CMACKPCOAST-1983-2020-SISIMP2024,Pacific chub mackerel Pacific Coast,1983-2020,Scomber japonicus,Pacific chub mackerel,Pacific Coast,"National Marine Fisheries Service, US national management",Southwest Fisheries Science Center,US West Coast,Forage Fish,carangids-mackerels,77,USA
CMACKPCOAST,2003,0.259077944048971,SWFSC-CMACKPCOAST-1983-2020-SISIMP2024,Pacific chub mackerel Pacific Coast,1983-2020,Scomber japonicus,Pacific chub mackerel,Pacific Coast,"National Marine Fisheries Service, US national management",Southwest Fisheries Science Center,US West Coast,Forage Fish,carangids-mackerels,77,USA
CMACKPCOAST,2004,0.262347066371356,SWFSC-CMACKPCOAST-1983-2020-SISIMP2024,Pacific chub mackerel Pacific Coast,1983-2020,Scomber japonicus,Pacific chub mackerel,Pacific Coast,"National Marine Fisheries Service, US national management",Southwest Fisheries Science Center,US West Coast,Forage Fish,carangids-mackerels,77,USA
CMACKPCOAST,2005,0.240280490695261,SWFSC-CMACKPCOAST-1983-2020-SISIMP2024,Pacific chub mackerel Pacific Coast,1983-2020,Scomber japonicus,Pacific chub mackerel,Pacific Coast,"National Marine Fisheries Service, US national management",Southwest Fisheries Science Center,US West Coast,Forage Fish,carangids-mackerels,77,USA
CMACKPCOAST,2006,0.328546793399642,SWFSC-CMACKPCOAST-1983-2020-SISIMP2024,Pacific chub mackerel Pacific Coast,1983-2020,Scomber japonicus,Pacific chub mackerel,Pacific Coast,"National Marine Fisheries Service, US national management",Southwest Fisheries Science Center,US West Coast,Forage Fish,carangids-mackerels,77,USA
CMACKPCOAST,2007,0.463398089198003,SWFSC-CMACKPCOAST-1983-2020-SISIMP2024,Pacific chub mackerel Pacific Coast,1983-2020,Scomber japonicus,Pacific chub mackerel,Pacific Coast,"National Marine Fisheries Service, US national management",Southwest Fisheries Science Center,US West Coast,Forage Fish,carangids-mackerels,77,USA
CMACKPCOAST,2008,0.679977443055976,SWFSC-CMACKPCOAST-1983-2020-SISIMP2024,Pacific chub mackerel Pacific Coast,1983-2020,Scomber japonicus,Pacific chub mackerel,Pacific Coast,"National Marine Fisheries Service, US national management",Southwest Fisheries Science Center,US West Coast,Forage Fish,carangids-mackerels,77,USA
SFMAKONPAC,2001,1.311346,SPC-SFMAKONPAC-1975-2016-SMITH,Shortfin mako North Pacific,1975-2016,Isurus oxyrinchus,Shortfin mako,North Pacific,Western and Central Pacific Fisheries Commission,Secretariat of the Pacific Community,Pacific Ocean,Sharks Rays and Skates,elasmobranchs,77,Japan
SFMAKONPAC,2002,1.315922,SPC-SFMAKONPAC-1975-2016-SMITH,Shortfin mako North Pacific,1975-2016,Isurus oxyrinchus,Shortfin mako,North Pacific,Western and Central Pacific Fisheries Commission,Secretariat of the Pacific Community,Pacific Ocean,Sharks Rays and Skates,elasmobranchs,77,Japan
SFMAKONPAC,2003,1.320972,SPC-SFMAKONPAC-1975-2016-SMITH,Shortfin mako North Pacific,1975-2016,Isurus oxyrinchus,Shortfin mako,North Pacific,Western and Central Pacific Fisheries Commission,Secretariat of the Pacific Community,Pacific Ocean,Sharks Rays and Skates,elasmobranchs,77,Japan
SFMAKONPAC,2004,1.325548,SPC-SFMAKONPAC-1975-2016-SMITH,Shortfin mako North Pacific,1975-2016,Isurus oxyrinchus,Shortfin mako,North Pacific,Western and Central Pacific Fisheries Commission,Secretariat of the Pacific Community,Pacific Ocean,Sharks Rays and Skates,elasmobranchs,77,Japan
SFMAKONPAC,2005,1.329493,SPC-SFMAKONPAC-1975-2016-SMITH,Shortfin mako North Pacific,1975-2016,Isurus oxyrinchus,Shortfin mako,North Pacific,Western and Central Pacific Fisheries Commission,Secretariat of the Pacific Community,Pacific Ocean,Sharks Rays and Skates,elasmobranchs,77,Japan
SFMAKONPAC,2006,1.333123,SPC-SFMAKONPAC-1975-2016-SMITH,Shortfin mako North Pacific,1975-2016,Isurus oxyrinchus,Shortfin mako,North Pacific,Western and Central Pacific Fisheries Commission,Secretariat of the Pacific Community,Pacific Ocean,Sharks Rays and Skates,elasmobranchs,77,Japan
SFMAKONPAC,2007,1.337068,SPC-SFMAKONPAC-1975-2016-SMITH,Shortfin mako North Pacific,1975-2016,Isurus oxyrinchus,Shortfin mako,North Pacific,Western and Central Pacific Fisheries Commission,Secretariat of the Pacific Community,Pacific Ocean,Sharks Rays and Skates,elasmobranchs,77,Japan
SFMAKONPAC,2008,1.333,SPC-SFMAKONPAC-1975-2016-SMITH,Shortfin mako North Pacific,1975-2016,Isurus oxyrinchus,Shortfin mako,North Pacific,Western and Central Pacific Fisheries Commission,Secretariat of the Pacific Community,Pacific Ocean,Sharks Rays and Skates,elasmobranchs,77,Japan
SFMAKONPAC,2009,1.347,SPC-SFMAKONPAC-1975-2016-SMITH,Shortfin mako North Pacific,1975-2016,Isurus oxyrinchus,Shortfin mako,North Pacific,Western and Central Pacific Fisheries Commission,Secretariat of the Pacific Community,Pacific Ocean,Sharks Rays and Skates,elasmobranchs,77,Japan
SFMAKONPAC,2010,1.37,SPC-SFMAKONPAC-1975-2016-SMITH,Shortfin mako North Pacific,1975-2016,Isurus oxyrinchus,Shortfin mako,North Pacific,Western and Central Pacific Fisheries Commission,Secretariat of the Pacific Community,Pacific Ocean,Sharks Rays and Skates,elasmobranchs,77,Japan
SFMAKONPAC,2011,1.345,SPC-SFMAKONPAC-1975-2016-SMITH,Shortfin mako North Pacific,1975-2016,Isurus oxyrinchus,Shortfin mako,North Pacific,Western and Central Pacific Fisheries Commission,Secretariat of the Pacific Community,Pacific Ocean,Sharks Rays and Skates,elasmobranchs,77,Japan
SFMAKONPAC,2012,1.378,SPC-SFMAKONPAC-1975-2016-SMITH,Shortfin mako North Pacific,1975-2016,Isurus oxyrinchus,Shortfin mako,North Pacific,Western and Central Pacific Fisheries Commission,Secretariat of the Pacific Community,Pacific Ocean,Sharks Rays and Skates,elasmobranchs,77,Japan
SFMAKONPAC,2013,1.351,SPC-SFMAKONPAC-1975-2016-SMITH,Shortfin mako North Pacific,1975-2016,Isurus oxyrinchus,Shortfin mako,North Pacific,Western and Central Pacific Fisheries Commission,Secretariat of the Pacific Community,Pacific Ocean,Sharks Rays and Skates,elasmobranchs,77,Japan
SFMAKONPAC,2014,1.35,SPC-SFMAKONPAC-1975-2016-SMITH,Shortfin mako North Pacific,1975-2016,Isurus oxyrinchus,Shortfin mako,North Pacific,Western and Central Pacific Fisheries Commission,Secretariat of the Pacific Community,Pacific Ocean,Sharks Rays and Skates,elasmobranchs,77,Japan
SFMAKONPAC,2015,1.38,SPC-SFMAKONPAC-1975-2016-SMITH,Shortfin mako North Pacific,1975-2016,Isurus oxyrinchus,Shortfin mako,North Pacific,Western and Central Pacific Fisheries Commission,Secretariat of the Pacific Community,Pacific Ocean,Sharks Rays and Skates,elasmobranchs,77,Japan
SFMAKONPAC,2016,1.36,SPC-SFMAKONPAC-1975-2016-SMITH,Shortfin mako North Pacific,1975-2016,Isurus oxyrinchus,Shortfin mako,North Pacific,Western and Central Pacific Fisheries Commission,Secretariat of the Pacific Community,Pacific Ocean,Sharks Rays and Skates,elasmobranchs,77,Japan
STMARLINNEPAC,2001,1.06,IATTC-STMARLINNEPAC-1954-2009-BRANCH,Striped marlin Northeast Pacific,1954-2009,Kajikia audax,Striped marlin,Northeast Pacific,Inter-American Tropical Tuna Commission,Inter-American Tropical Tuna Commission,Pacific Ocean,Tuna and Marlin,tuna-billfish,77,Japan
STMARLINNEPAC,2002,0.964,IATTC-STMARLINNEPAC-1954-2009-BRANCH,Striped marlin Northeast Pacific,1954-2009,Kajikia audax,Striped marlin,Northeast Pacific,Inter-American Tropical Tuna Commission,Inter-American Tropical Tuna Commission,Pacific Ocean,Tuna and Marlin,tuna-billfish,77,Japan
STMARLINNEPAC,2003,0.777,IATTC-STMARLINNEPAC-1954-2009-BRANCH,Striped marlin Northeast Pacific,1954-2009,Kajikia audax,Striped marlin,Northeast Pacific,Inter-American Tropical Tuna Commission,Inter-American Tropical Tuna Commission,Pacific Ocean,Tuna and Marlin,tuna-billfish,77,Japan
STMARLINNEPAC,2004,0.832,IATTC-STMARLINNEPAC-1954-2009-BRANCH,Striped marlin Northeast Pacific,1954-2009,Kajikia audax,Striped marlin,Northeast Pacific,Inter-American Tropical Tuna Commission,Inter-American Tropical Tuna Commission,Pacific Ocean,Tuna and Marlin,tuna-billfish,77,Japan
STMARLINNEPAC,2005,0.961,IATTC-STMARLINNEPAC-1954-2009-BRANCH,Striped marlin Northeast Pacific,1954-2009,Kajikia audax,Striped marlin,Northeast Pacific,Inter-American Tropical Tuna Commission,Inter-American Tropical Tuna Commission,Pacific Ocean,Tuna and Marlin,tuna-billfish,77,Japan
STMARLINNEPAC,2006,1.06,IATTC-STMARLINNEPAC-1954-2009-BRANCH,Striped marlin Northeast Pacific,1954-2009,Kajikia audax,Striped marlin,Northeast Pacific,Inter-American Tropical Tuna Commission,Inter-American Tropical Tuna Commission,Pacific Ocean,Tuna and Marlin,tuna-billfish,77,Japan
STMARLINNEPAC,2007,1.25,IATTC-STMARLINNEPAC-1954-2009-BRANCH,Striped marlin Northeast Pacific,1954-2009,Kajikia audax,Striped marlin,Northeast Pacific,Inter-American Tropical Tuna Commission,Inter-American Tropical Tuna Commission,Pacific Ocean,Tuna and Marlin,tuna-billfish,77,Japan
STMARLINNEPAC,2008,1.27,IATTC-STMARLINNEPAC-1954-2009-BRANCH,Striped marlin Northeast Pacific,1954-2009,Kajikia audax,Striped marlin,Northeast Pacific,Inter-American Tropical Tuna Commission,Inter-American Tropical Tuna Commission,Pacific Ocean,Tuna and Marlin,tuna-billfish,77,Japan
STMARLINNEPAC,2009,1.52,IATTC-STMARLINNEPAC-1954-2009-BRANCH,Striped marlin Northeast Pacific,1954-2009,Kajikia audax,Striped marlin,Northeast Pacific,Inter-American Tropical Tuna Commission,Inter-American Tropical Tuna Commission,Pacific Ocean,Tuna and Marlin,tuna-billfish,77,Japan
STMARLINWCNPAC,2001,0.33,ISC-STMARLINWCNPAC-1950-2018-PONS,Striped marlin Western and Central North Pacific,1950-2018,Kajikia audax,Striped marlin,Western and Central North Pacific,International Scientific Committee for Tuna and Tuna-like Species in the North Pacific Ocean,International Scientific Committee for Tuna and Tuna-like Species in the North Pacific Ocean,Pacific Ocean,Tuna and Marlin,tuna-billfish,77,Japan
STMARLINWCNPAC,2002,0.4,ISC-STMARLINWCNPAC-1950-2018-PONS,Striped marlin Western and Central North Pacific,1950-2018,Kajikia audax,Striped marlin,Western and Central North Pacific,International Scientific Committee for Tuna and Tuna-like Species in the North Pacific Ocean,International Scientific Committee for Tuna and Tuna-like Species in the North Pacific Ocean,Pacific Ocean,Tuna and Marlin,tuna-billfish,77,Japan
STMARLINWCNPAC,2003,0.49,ISC-STMARLINWCNPAC-1950-2018-PONS,Striped marlin Western and Central North Pacific,1950-2018,Kajikia audax,Striped marlin,Western and Central North Pacific,International Scientific Committee for Tuna and Tuna-like Species in the North Pacific Ocean,International Scientific Committee for Tuna and Tuna-like Species in the North Pacific Ocean,Pacific Ocean,Tuna and Marlin,tuna-billfish,77,Japan
STMARLINWCNPAC,2004,0.64,ISC-STMARLINWCNPAC-1950-2018-PONS,Striped marlin Western and Central North Pacific,1950-2018,Kajikia audax,Striped marlin,Western and Central North Pacific,International Scientific Committee for Tuna and Tuna-like Species in the North Pacific Ocean,International Scientific Committee for Tuna and Tuna-like Species in the North Pacific Ocean,Pacific Ocean,Tuna and Marlin,tuna-billfish,77,Japan
STMARLINWCNPAC,2005,0.74,ISC-STMARLINWCNPAC-1950-2018-PONS,Striped marlin Western and Central North Pacific,1950-2018,Kajikia audax,Striped marlin,Western and Central North Pacific,International Scientific Committee for Tuna and Tuna-like Species in the North Pacific Ocean,International Scientific Committee for Tuna and Tuna-like Species in the North Pacific Ocean,Pacific Ocean,Tuna and Marlin,tuna-billfish,77,Japan
STMARLINWCNPAC,2006,0.73,ISC-STMARLINWCNPAC-1950-2018-PONS,Striped marlin Western and Central North Pacific,1950-2018,Kajikia audax,Striped marlin,Western and Central North Pacific,International Scientific Committee for Tuna and Tuna-like Species in the North Pacific Ocean,International Scientific Committee for Tuna and Tuna-like Species in the North Pacific Ocean,Pacific Ocean,Tuna and Marlin,tuna-billfish,77,Japan
STMARLINWCNPAC,2007,0.67,ISC-STMARLINWCNPAC-1950-2018-PONS,Striped marlin Western and Central North Pacific,1950-2018,Kajikia audax,Striped marlin,Western and Central North Pacific,International Scientific Committee for Tuna and Tuna-like Species in the North Pacific Ocean,International Scientific Committee for Tuna and Tuna-like Species in the North Pacific Ocean,Pacific Ocean,Tuna and Marlin,tuna-billfish,77,Japan
STMARLINWCNPAC,2008,0.6,ISC-STMARLINWCNPAC-1950-2018-PONS,Striped marlin Western and Central North Pacific,1950-2018,Kajikia audax,Striped marlin,Western and Central North Pacific,International Scientific Committee for Tuna and Tuna-like Species in the North Pacific Ocean,International Scientific Committee for Tuna and Tuna-like Species in the North Pacific Ocean,Pacific Ocean,Tuna and Marlin,tuna-billfish,77,Japan
STMARLINWCNPAC,2009,0.41,ISC-STMARLINWCNPAC-1950-2018-PONS,Striped marlin Western and Central North Pacific,1950-2018,Kajikia audax,Striped marlin,Western and Central North Pacific,International Scientific Committee for Tuna and Tuna-like Species in the North Pacific Ocean,International Scientific Committee for Tuna and Tuna-like Species in the North Pacific Ocean,Pacific Ocean,Tuna and Marlin,tuna-billfish,77,Japan
STMARLINWCNPAC,2010,0.35,ISC-STMARLINWCNPAC-1950-2018-PONS,Striped marlin Western and Central North Pacific,1950-2018,Kajikia audax,Striped marlin,Western and Central North Pacific,International Scientific Committee for Tuna and Tuna-like Species in the North Pacific Ocean,International Scientific Committee for Tuna and Tuna-like Species in the North Pacific Ocean,Pacific Ocean,Tuna and Marlin,tuna-billfish,77,Japan
STMARLINWCNPAC,2011,0.2373272,ISC-STMARLINWCNPAC-1950-2018-PONS,Striped marlin Western and Central North Pacific,1950-2018,Kajikia audax,Striped marlin,Western and Central North Pacific,International Scientific Committee for Tuna and Tuna-like Species in the North Pacific Ocean,International Scientific Committee for Tuna and Tuna-like Species in the North Pacific Ocean,Pacific Ocean,Tuna and Marlin,tuna-billfish,77,Japan
STMARLINWCNPAC,2012,0.3106759,ISC-STMARLINWCNPAC-1950-2018-PONS,Striped marlin Western and Central North Pacific,1950-2018,Kajikia audax,Striped marlin,Western and Central North Pacific,International Scientific Committee for Tuna and Tuna-like Species in the North Pacific Ocean,International Scientific Committee for Tuna and Tuna-like Species in the North Pacific Ocean,Pacific Ocean,Tuna and Marlin,tuna-billfish,77,Japan
STMARLINWCNPAC,2013,0.2853303,ISC-STMARLINWCNPAC-1950-2018-PONS,Striped marlin Western and Central North Pacific,1950-2018,Kajikia audax,Striped marlin,Western and Central North Pacific,International Scientific Committee for Tuna and Tuna-like Species in the North Pacific Ocean,International Scientific Committee for Tuna and Tuna-like Species in the North Pacific Ocean,Pacific Ocean,Tuna and Marlin,tuna-billfish,77,Japan
STMARLINWCNPAC,2014,0.3317972,ISC-STMARLINWCNPAC-1950-2018-PONS,Striped marlin Western and Central North Pacific,1950-2018,Kajikia audax,Striped marlin,Western and Central North Pacific,International Scientific Committee for Tuna and Tuna-like Species in the North Pacific Ocean,International Scientific Committee for Tuna and Tuna-like Species in the North Pacific Ocean,Pacific Ocean,Tuna and Marlin,tuna-billfish,77,Japan
STMARLINWCNPAC,2015,0.4120584,ISC-STMARLINWCNPAC-1950-2018-PONS,Striped marlin Western and Central North Pacific,1950-2018,Kajikia audax,Striped marlin,Western and Central North Pacific,International Scientific Committee for Tuna and Tuna-like Species in the North Pacific Ocean,International Scientific Committee for Tuna and Tuna-like Species in the North Pacific Ocean,Pacific Ocean,Tuna and Marlin,tuna-billfish,77,Japan
STMARLINWCNPAC,2016,0.4550691,ISC-STMARLINWCNPAC-1950-2018-PONS,Striped marlin Western and Central North Pacific,1950-2018,Kajikia audax,Striped marlin,Western and Central North Pacific,International Scientific Committee for Tuna and Tuna-like Species in the North Pacific Ocean,International Scientific Committee for Tuna and Tuna-like Species in the North Pacific Ocean,Pacific Ocean,Tuna and Marlin,tuna-billfish,77,Japan
STMARLINWCNPAC,2017,0.3767281,ISC-STMARLINWCNPAC-1950-2018-PONS,Striped marlin Western and Central North Pacific,1950-2018,Kajikia audax,Striped marlin,Western and Central North Pacific,International Scientific Committee for Tuna and Tuna-like Species in the North Pacific Ocean,International Scientific Committee for Tuna and Tuna-like Species in the North Pacific Ocean,Pacific Ocean,Tuna and Marlin,tuna-billfish,77,Japan
SWORDEPAC,2001,1.49,IATTC-SWORDEPAC-1951-2012-PONS,Swordfish Eastern Pacific,1951-2012,Xiphias gladius,Swordfish,Eastern Pacific,Inter-American Tropical Tuna Commission,Inter-American Tropical Tuna Commission,Pacific Ocean,Tuna and Marlin,tuna-billfish,77,Spain
SWORDEPAC,2002,1.42,IATTC-SWORDEPAC-1951-2012-PONS,Swordfish Eastern Pacific,1951-2012,Xiphias gladius,Swordfish,Eastern Pacific,Inter-American Tropical Tuna Commission,Inter-American Tropical Tuna Commission,Pacific Ocean,Tuna and Marlin,tuna-billfish,77,Spain
SWORDEPAC,2003,1.35,IATTC-SWORDEPAC-1951-2012-PONS,Swordfish Eastern Pacific,1951-2012,Xiphias gladius,Swordfish,Eastern Pacific,Inter-American Tropical Tuna Commission,Inter-American Tropical Tuna Commission,Pacific Ocean,Tuna and Marlin,tuna-billfish,77,Spain
SWORDEPAC,2004,1.3,IATTC-SWORDEPAC-1951-2012-PONS,Swordfish Eastern Pacific,1951-2012,Xiphias gladius,Swordfish,Eastern Pacific,Inter-American Tropical Tuna Commission,Inter-American Tropical Tuna Commission,Pacific Ocean,Tuna and Marlin,tuna-billfish,77,Spain
SWORDEPAC,2005,1.27,IATTC-SWORDEPAC-1951-2012-PONS,Swordfish Eastern Pacific,1951-2012,Xiphias gladius,Swordfish,Eastern Pacific,Inter-American Tropical Tuna Commission,Inter-American Tropical Tuna Commission,Pacific Ocean,Tuna and Marlin,tuna-billfish,77,Spain
SWORDEPAC,2006,1.38,IATTC-SWORDEPAC-1951-2012-PONS,Swordfish Eastern Pacific,1951-2012,Xiphias gladius,Swordfish,Eastern Pacific,Inter-American Tropical Tuna Commission,Inter-American Tropical Tuna Commission,Pacific Ocean,Tuna and Marlin,tuna-billfish,77,Spain
SWORDEPAC,2007,1.54,IATTC-SWORDEPAC-1951-2012-PONS,Swordfish Eastern Pacific,1951-2012,Xiphias gladius,Swordfish,Eastern Pacific,Inter-American Tropical Tuna Commission,Inter-American Tropical Tuna Commission,Pacific Ocean,Tuna and Marlin,tuna-billfish,77,Spain
SWORDEPAC,2008,1.73,IATTC-SWORDEPAC-1951-2012-PONS,Swordfish Eastern Pacific,1951-2012,Xiphias gladius,Swordfish,Eastern Pacific,Inter-American Tropical Tuna Commission,Inter-American Tropical Tuna Commission,Pacific Ocean,Tuna and Marlin,tuna-billfish,77,Spain
SWORDEPAC,2009,1.94,IATTC-SWORDEPAC-1951-2012-PONS,Swordfish Eastern Pacific,1951-2012,Xiphias gladius,Swordfish,Eastern Pacific,Inter-American Tropical Tuna Commission,Inter-American Tropical Tuna Commission,Pacific Ocean,Tuna and Marlin,tuna-billfish,77,Spain
SWORDEPAC,2010,1.99,IATTC-SWORDEPAC-1951-2012-PONS,Swordfish Eastern Pacific,1951-2012,Xiphias gladius,Swordfish,Eastern Pacific,Inter-American Tropical Tuna Commission,Inter-American Tropical Tuna Commission,Pacific Ocean,Tuna and Marlin,tuna-billfish,77,Spain
SWORDEPAC,2011,1.95,IATTC-SWORDEPAC-1951-2012-PONS,Swordfish Eastern Pacific,1951-2012,Xiphias gladius,Swordfish,Eastern Pacific,Inter-American Tropical Tuna Commission,Inter-American Tropical Tuna Commission,Pacific Ocean,Tuna and Marlin,tuna-billfish,77,Spain
SWORDEPAC,2012,1.88,IATTC-SWORDEPAC-1951-2012-PONS,Swordfish Eastern Pacific,1951-2012,Xiphias gladius,Swordfish,Eastern Pacific,Inter-American Tropical Tuna Commission,Inter-American Tropical Tuna Commission,Pacific Ocean,Tuna and Marlin,tuna-billfish,77,Spain
THRSHARNPAC,2001,1.23743842364532,SWFSC-THRSHARNPAC-1969-2014-SISIMP2021,Thresher shark North Pacific,1969-2014,Alopias vulpinus,Thresher shark,North Pacific,"National Marine Fisheries Service, US national management",Southwest Fisheries Science Center,Pacific Ocean,Sharks Rays and Skates,elasmobranchs,77,Mexico
THRSHARNPAC,2002,1.20985221674877,SWFSC-THRSHARNPAC-1969-2014-SISIMP2021,Thresher shark North Pacific,1969-2014,Alopias vulpinus,Thresher shark,North Pacific,"National Marine Fisheries Service, US national management",Southwest Fisheries Science Center,Pacific Ocean,Sharks Rays and Skates,elasmobranchs,77,Mexico
THRSHARNPAC,2003,1.1871921182266,SWFSC-THRSHARNPAC-1969-2014-SISIMP2021,Thresher shark North Pacific,1969-2014,Alopias vulpinus,Thresher shark,North Pacific,"National Marine Fisheries Service, US national management",Southwest Fisheries Science Center,Pacific Ocean,Sharks Rays and Skates,elasmobranchs,77,Mexico
THRSHARNPAC,2004,1.16945812807882,SWFSC-THRSHARNPAC-1969-2014-SISIMP2021,Thresher shark North Pacific,1969-2014,Alopias vulpinus,Thresher shark,North Pacific,"National Marine Fisheries Service, US national management",Southwest Fisheries Science Center,Pacific Ocean,Sharks Rays and Skates,elasmobranchs,77,Mexico
THRSHARNPAC,2005,1.15665024630542,SWFSC-THRSHARNPAC-1969-2014-SISIMP2021,Thresher shark North Pacific,1969-2014,Alopias vulpinus,Thresher shark,North Pacific,"National Marine Fisheries Service, US national management",Southwest Fisheries Science Center,Pacific Ocean,Sharks Rays and Skates,elasmobranchs,77,Mexico
THRSHARNPAC,2006,1.15172413793103,SWFSC-THRSHARNPAC-1969-2014-SISIMP2021,Thresher shark North Pacific,1969-2014,Alopias vulpinus,Thresher shark,North Pacific,"National Marine Fisheries Service, US national management",Southwest Fisheries Science Center,Pacific Ocean,Sharks Rays and Skates,elasmobranchs,77,Mexico
THRSHARNPAC,2007,1.15369458128079,SWFSC-THRSHARNPAC-1969-2014-SISIMP2021,Thresher shark North Pacific,1969-2014,Alopias vulpinus,Thresher shark,North Pacific,"National Marine Fisheries Service, US national management",Southwest Fisheries Science Center,Pacific Ocean,Sharks Rays and Skates,elasmobranchs,77,Mexico
THRSHARNPAC,2008,1.16453201970443,SWFSC-THRSHARNPAC-1969-2014-SISIMP2021,Thresher shark North Pacific,1969-2014,Alopias vulpinus,Thresher shark,North Pacific,"National Marine Fisheries Service, US national management",Southwest Fisheries Science Center,Pacific Ocean,Sharks Rays and Skates,elasmobranchs,77,Mexico
THRSHARNPAC,2009,1.18325123152709,SWFSC-THRSHARNPAC-1969-2014-SISIMP2021,Thresher shark North Pacific,1969-2014,Alopias vulpinus,Thresher shark,North Pacific,"National Marine Fisheries Service, US national management",Southwest Fisheries Science Center,Pacific Ocean,Sharks Rays and Skates,elasmobranchs,77,Mexico
THRSHARNPAC,2010,1.20985221674877,SWFSC-THRSHARNPAC-1969-2014-SISIMP2021,Thresher shark North Pacific,1969-2014,Alopias vulpinus,Thresher shark,North Pacific,"National Marine Fisheries Service, US national management",Southwest Fisheries Science Center,Pacific Ocean,Sharks Rays and Skates,elasmobranchs,77,Mexico
THRSHARNPAC,2011,1.2423645320197,SWFSC-THRSHARNPAC-1969-2014-SISIMP2021,Thresher shark North Pacific,1969-2014,Alopias vulpinus,Thresher shark,North Pacific,"National Marine Fisheries Service, US national management",Southwest Fisheries Science Center,Pacific Ocean,Sharks Rays and Skates,elasmobranchs,77,Mexico
THRSHARNPAC,2012,1.27783251231527,SWFSC-THRSHARNPAC-1969-2014-SISIMP2021,Thresher shark North Pacific,1969-2014,Alopias vulpinus,Thresher shark,North Pacific,"National Marine Fisheries Service, US national management",Southwest Fisheries Science Center,Pacific Ocean,Sharks Rays and Skates,elasmobranchs,77,Mexico
THRSHARNPAC,2013,1.31330049261084,SWFSC-THRSHARNPAC-1969-2014-SISIMP2021,Thresher shark North Pacific,1969-2014,Alopias vulpinus,Thresher shark,North Pacific,"National Marine Fisheries Service, US national management",Southwest Fisheries Science Center,Pacific Ocean,Sharks Rays and Skates,elasmobranchs,77,Mexico
THRSHARNPAC,2014,1.34778325123153,SWFSC-THRSHARNPAC-1969-2014-SISIMP2021,Thresher shark North Pacific,1969-2014,Alopias vulpinus,Thresher shark,North Pacific,"National Marine Fisheries Service, US national management",Southwest Fisheries Science Center,Pacific Ocean,Sharks Rays and Skates,elasmobranchs,77,Mexico
YFINEPAC,2001,1.45,IATTC-YFINEPAC-1918-2019-PONS,Yellowfin tuna Eastern Pacific,1918-2019,Thunnus albacares,Yellowfin tuna,Eastern Pacific,Inter-American Tropical Tuna Commission,Inter-American Tropical Tuna Commission,Pacific Ocean,Tuna and Marlin,tuna-billfish,77,Mexico
YFINEPAC,2002,1.06,IATTC-YFINEPAC-1918-2019-PONS,Yellowfin tuna Eastern Pacific,1918-2019,Thunnus albacares,Yellowfin tuna,Eastern Pacific,Inter-American Tropical Tuna Commission,Inter-American Tropical Tuna Commission,Pacific Ocean,Tuna and Marlin,tuna-billfish,77,Mexico
YFINEPAC,2003,0.928,IATTC-YFINEPAC-1918-2019-PONS,Yellowfin tuna Eastern Pacific,1918-2019,Thunnus albacares,Yellowfin tuna,Eastern Pacific,Inter-American Tropical Tuna Commission,Inter-American Tropical Tuna Commission,Pacific Ocean,Tuna and Marlin,tuna-billfish,77,Mexico
YFINEPAC,2004,0.743,IATTC-YFINEPAC-1918-2019-PONS,Yellowfin tuna Eastern Pacific,1918-2019,Thunnus albacares,Yellowfin tuna,Eastern Pacific,Inter-American Tropical Tuna Commission,Inter-American Tropical Tuna Commission,Pacific Ocean,Tuna and Marlin,tuna-billfish,77,Mexico
YFINEPAC,2005,0.803,IATTC-YFINEPAC-1918-2019-PONS,Yellowfin tuna Eastern Pacific,1918-2019,Thunnus albacares,Yellowfin tuna,Eastern Pacific,Inter-American Tropical Tuna Commission,Inter-American Tropical Tuna Commission,Pacific Ocean,Tuna and Marlin,tuna-billfish,77,Mexico
YFINEPAC,2006,1.05,IATTC-YFINEPAC-1918-2019-PONS,Yellowfin tuna Eastern Pacific,1918-2019,Thunnus albacares,Yellowfin tuna,Eastern Pacific,Inter-American Tropical Tuna Commission,Inter-American Tropical Tuna Commission,Pacific Ocean,Tuna and Marlin,tuna-billfish,77,Mexico
YFINEPAC,2007,1.13,IATTC-YFINEPAC-1918-2019-PONS,Yellowfin tuna Eastern Pacific,1918-2019,Thunnus albacares,Yellowfin tuna,Eastern Pacific,Inter-American Tropical Tuna Commission,Inter-American Tropical Tuna Commission,Pacific Ocean,Tuna and Marlin,tuna-billfish,77,Mexico
YFINEPAC,2008,1.01,IATTC-YFINEPAC-1918-2019-PONS,Yellowfin tuna Eastern Pacific,1918-2019,Thunnus albacares,Yellowfin tuna,Eastern Pacific,Inter-American Tropical Tuna Commission,Inter-American Tropical Tuna Commission,Pacific Ocean,Tuna and Marlin,tuna-billfish,77,Mexico
YFINEPAC,2009,0.99,IATTC-YFINEPAC-1918-2019-PONS,Yellowfin tuna Eastern Pacific,1918-2019,Thunnus albacares,Yellowfin tuna,Eastern Pacific,Inter-American Tropical Tuna Commission,Inter-American Tropical Tuna Commission,Pacific Ocean,Tuna and Marlin,tuna-billfish,77,Mexico
YFINEPAC,2010,1.01,IATTC-YFINEPAC-1918-2019-PONS,Yellowfin tuna Eastern Pacific,1918-2019,Thunnus albacares,Yellowfin tuna,Eastern Pacific,Inter-American Tropical Tuna Commission,Inter-American Tropical Tuna Commission,Pacific Ocean,Tuna and Marlin,tuna-billfish,77,Mexico
YFINEPAC,2011,0.985,IATTC-YFINEPAC-1918-2019-PONS,Yellowfin tuna Eastern Pacific,1918-2019,Thunnus albacares,Yellowfin tuna,Eastern Pacific,Inter-American Tropical Tuna Commission,Inter-American Tropical Tuna Commission,Pacific Ocean,Tuna and Marlin,tuna-billfish,77,Mexico
YFINEPAC,2012,1.07,IATTC-YFINEPAC-1918-2019-PONS,Yellowfin tuna Eastern Pacific,1918-2019,Thunnus albacares,Yellowfin tuna,Eastern Pacific,Inter-American Tropical Tuna Commission,Inter-American Tropical Tuna Commission,Pacific Ocean,Tuna and Marlin,tuna-billfish,77,Mexico
YFINEPAC,2013,1.042,IATTC-YFINEPAC-1918-2019-PONS,Yellowfin tuna Eastern Pacific,1918-2019,Thunnus albacares,Yellowfin tuna,Eastern Pacific,Inter-American Tropical Tuna Commission,Inter-American Tropical Tuna Commission,Pacific Ocean,Tuna and Marlin,tuna-billfish,77,Mexico
YFINEPAC,2014,0.91,IATTC-YFINEPAC-1918-2019-PONS,Yellowfin tuna Eastern Pacific,1918-2019,Thunnus albacares,Yellowfin tuna,Eastern Pacific,Inter-American Tropical Tuna Commission,Inter-American Tropical Tuna Commission,Pacific Ocean,Tuna and Marlin,tuna-billfish,77,Mexico
YFINEPAC,2015,1.031,IATTC-YFINEPAC-1918-2019-PONS,Yellowfin tuna Eastern Pacific,1918-2019,Thunnus albacares,Yellowfin tuna,Eastern Pacific,Inter-American Tropical Tuna Commission,Inter-American Tropical Tuna Commission,Pacific Ocean,Tuna and Marlin,tuna-billfish,77,Mexico
YFINEPAC,2016,1.036,IATTC-YFINEPAC-1918-2019-PONS,Yellowfin tuna Eastern Pacific,1918-2019,Thunnus albacares,Yellowfin tuna,Eastern Pacific,Inter-American Tropical Tuna Commission,Inter-American Tropical Tuna Commission,Pacific Ocean,Tuna and Marlin,tuna-billfish,77,Mexico
YFINEPAC,2017,0.82,IATTC-YFINEPAC-1918-2019-PONS,Yellowfin tuna Eastern Pacific,1918-2019,Thunnus albacares,Yellowfin tuna,Eastern Pacific,Inter-American Tropical Tuna Commission,Inter-American Tropical Tuna Commission,Pacific Ocean,Tuna and Marlin,tuna-billfish,77,Mexico
YFINEPAC,2018,0.933,IATTC-YFINEPAC-1918-2019-PONS,Yellowfin tuna Eastern Pacific,1918-2019,Thunnus albacares,Yellowfin tuna,Eastern Pacific,Inter-American Tropical Tuna Commission,Inter-American Tropical Tuna Commission,Pacific Ocean,Tuna and Marlin,tuna-billfish,77,Mexico
YFINEPAC,2019,0.76,IATTC-YFINEPAC-1918-2019-PONS,Yellowfin tuna Eastern Pacific,1918-2019,Thunnus albacares,Yellowfin tuna,Eastern Pacific,Inter-American Tropical Tuna Commission,Inter-American Tropical Tuna Commission,Pacific Ocean,Tuna and Marlin,tuna-billfish,77,Mexico
