year,OHI_region_no,LE_score,goal
2003,region_1,56.63070791544049,livelihoods_economies
2003,region_2,NA,livelihoods_economies
2003,region_3,26.27300010635488,livelihoods_economies
2003,region_4,46.92022168286138,livelihoods_economies
2003,region_5,63.61708377247367,livelihoods_economies
2003,region_6,48.60282933028411,livelihoods_economies
2003,region_7,66.53758680865359,livelihoods_economies
2003,region_8,64.57837485167539,livelihoods_economies
2003,region_9,57.80484601773275,livelihoods_economies
2004,region_1,56.304208594192446,livelihoods_economies
2004,region_2,NA,livelihoods_economies
2004,region_3,37.064772280310905,livelihoods_economies
2004,region_4,54.05747375228893,livelihoods_economies
2004,region_5,65.1627928652951,livelihoods_economies
2004,region_6,57.737385400184095,livelihoods_economies
2004,region_7,70.53030610793327,livelihoods_economies
2004,region_8,64.70326603008805,livelihoods_economies
2004,region_9,58.713782306789724,livelihoods_economies
2005,region_1,55.97770927294441,livelihoods_economies
2005,region_2,NA,livelihoods_economies
2005,region_3,47.856544454266924,livelihoods_economies
2005,region_4,61.194725821716474,livelihoods_economies
2005,region_5,66.70850195811653,livelihoods_economies
2005,region_6,66.87194147008408,livelihoods_economies
2005,region_7,74.52302540721294,livelihoods_economies
2005,region_8,64.8281572085007,livelihoods_economies
2005,region_9,59.6227185958467,livelihoods_economies
2006,region_1,55.651209951696366,livelihoods_economies
2006,region_2,NA,livelihoods_economies
2006,region_3,58.64831662822295,livelihoods_economies
2006,region_4,68.33197789114402,livelihoods_economies
2006,region_5,68.25421105093795,livelihoods_economies
2006,region_6,76.00649753998407,livelihoods_economies
2006,region_7,78.51574470649263,livelihoods_economies
2006,region_8,64.95304838691337,livelihoods_economies
2006,region_9,60.53165488490367,livelihoods_economies
2007,region_1,55.32471063044833,livelihoods_economies
2007,region_2,NA,livelihoods_economies
2007,region_3,69.44008880217898,livelihoods_economies
2007,region_4,75.46922996057157,livelihoods_economies
2007,region_5,69.79992014375938,livelihoods_economies
2007,region_6,85.14105360988405,livelihoods_economies
2007,region_7,82.50846400577231,livelihoods_economies
2007,region_8,65.07793956532602,livelihoods_economies
2007,region_9,61.44059117396065,livelihoods_economies
2008,region_1,54.998211309200286,livelihoods_economies
2008,region_2,NA,livelihoods_economies
2008,region_3,80.231860976135,livelihoods_economies
2008,region_4,82.60648202999911,livelihoods_economies
2008,region_5,71.3456292365808,livelihoods_economies
2008,region_6,94.27560967978404,livelihoods_economies
2008,region_7,86.50118330505198,livelihoods_economies
2008,region_8,65.20283074373867,livelihoods_economies
2008,region_9,62.34952746301762,livelihoods_economies
2009,region_1,57.342711450251805,livelihoods_economies
2009,region_2,NA,livelihoods_economies
2009,region_3,82.30883338442364,livelihoods_economies
2009,region_4,80.140414131277,livelihoods_economies
2009,region_5,70.44496751317075,livelihoods_economies
2009,region_6,87.34652478680276,livelihoods_economies
2009,region_7,86.39156728140878,livelihoods_economies
2009,region_8,65.90103142069523,livelihoods_economies
2009,region_9,61.896528538668036,livelihoods_economies
2010,region_1,59.687211591303324,livelihoods_economies
2010,region_2,NA,livelihoods_economies
2010,region_3,84.38580579271228,livelihoods_economies
2010,region_4,77.67434623255488,livelihoods_economies
2010,region_5,69.54430578976068,livelihoods_economies
2010,region_6,80.4174398938215,livelihoods_economies
2010,region_7,86.2819512577656,livelihoods_economies
2010,region_8,66.59923209765181,livelihoods_economies
2010,region_9,61.44352961431846,livelihoods_economies
2011,region_1,62.031711732354836,livelihoods_economies
2011,region_2,NA,livelihoods_economies
2011,region_3,86.4627782010009,livelihoods_economies
2011,region_4,75.20827833383277,livelihoods_economies
2011,region_5,68.64364406635063,livelihoods_economies
2011,region_6,73.48835500084022,livelihoods_economies
2011,region_7,86.1723352341224,livelihoods_economies
2011,region_8,67.29743277460837,livelihoods_economies
2011,region_9,60.99053068996887,livelihoods_economies
2012,region_1,64.37621187340636,livelihoods_economies
2012,region_2,NA,livelihoods_economies
2012,region_3,88.53975060928954,livelihoods_economies
2012,region_4,72.74221043511065,livelihoods_economies
2012,region_5,67.74298234294056,livelihoods_economies
2012,region_6,66.55927010785894,livelihoods_economies
2012,region_7,86.06271921047922,livelihoods_economies
2012,region_8,67.99563345156494,livelihoods_economies
2012,region_9,60.53753176561929,livelihoods_economies
2013,region_1,66.72071201445787,livelihoods_economies
2013,region_2,NA,livelihoods_economies
2013,region_3,90.61672301757818,livelihoods_economies
2013,region_4,70.27614253638853,livelihoods_economies
2013,region_5,66.84232061953051,livelihoods_economies
2013,region_6,59.63018521487767,livelihoods_economies
2013,region_7,85.95310318683602,livelihoods_economies
2013,region_8,68.6938341285215,livelihoods_economies
2013,region_9,60.084532841269706,livelihoods_economies
2014,region_1,69.78136247379477,livelihoods_economies
2014,region_2,NA,livelihoods_economies
2014,region_3,91.13385526071653,livelihoods_economies
2014,region_4,76.22091402911083,livelihoods_economies
2014,region_5,70.33982920552963,livelihoods_economies
2014,region_6,66.0002533175003,livelihoods_economies
2014,region_7,85.80902239150694,livelihoods_economies
2014,region_8,72.36255994137034,livelihoods_economies
2014,region_9,65.43251544023688,livelihoods_economies
2015,region_1,72.84201293313167,livelihoods_economies
2015,region_2,NA,livelihoods_economies
2015,region_3,91.65098750385488,livelihoods_economies
2015,region_4,82.16568552183313,livelihoods_economies
2015,region_5,73.83733779152874,livelihoods_economies
2015,region_6,72.3703214201229,livelihoods_economies
2015,region_7,85.66494159617785,livelihoods_economies
2015,region_8,76.03128575421917,livelihoods_economies
2015,region_9,70.78049803920408,livelihoods_economies
2016,region_1,75.90266339246858,livelihoods_economies
2016,region_2,NA,livelihoods_economies
2016,region_3,92.16811974699324,livelihoods_economies
2016,region_4,88.11045701455541,livelihoods_economies
2016,region_5,77.33484637752784,livelihoods_economies
2016,region_6,78.74038952274553,livelihoods_economies
2016,region_7,85.52086080084878,livelihoods_economies
2016,region_8,79.700011567068,livelihoods_economies
2016,region_9,76.12848063817125,livelihoods_economies
2017,region_1,78.96331385180548,livelihoods_economies
2017,region_2,NA,livelihoods_economies
2017,region_3,92.68525199013159,livelihoods_economies
2017,region_4,94.0552285072777,livelihoods_economies
2017,region_5,80.83235496352695,livelihoods_economies
2017,region_6,85.11045762536816,livelihoods_economies
2017,region_7,85.37678000551969,livelihoods_economies
2017,region_8,83.36873737991684,livelihoods_economies
2017,region_9,81.47646323713845,livelihoods_economies
2018,region_1,82.02396431114238,livelihoods_economies
2018,region_2,NA,livelihoods_economies
2018,region_3,93.20238423326994,livelihoods_economies
2018,region_4,100,livelihoods_economies
2018,region_5,84.32986354952607,livelihoods_economies
2018,region_6,91.48052572799077,livelihoods_economies
2018,region_7,85.23269921019062,livelihoods_economies
2018,region_8,87.03746319276567,livelihoods_economies
2018,region_9,86.82444583610562,livelihoods_economies
2019,region_1,80.90954346080802,livelihoods_economies
2019,region_2,NA,livelihoods_economies
2019,region_3,90.29270073562108,livelihoods_economies
2019,region_4,98.31764343803455,livelihoods_economies
2019,region_5,82.89739969622096,livelihoods_economies
2019,region_6,91.07371212061362,livelihoods_economies
2019,region_7,86.2350407760165,livelihoods_economies
2019,region_8,87.8333738218012,livelihoods_economies
2019,region_9,87.70907748065667,livelihoods_economies
2020,region_1,79.79512261047367,livelihoods_economies
2020,region_2,NA,livelihoods_economies
2020,region_3,87.38301723797223,livelihoods_economies
2020,region_4,96.6352868760691,livelihoods_economies
2020,region_5,81.46493584291585,livelihoods_economies
2020,region_6,90.66689851323648,livelihoods_economies
2020,region_7,87.23738234184239,livelihoods_economies
2020,region_8,88.62928445083674,livelihoods_economies
2020,region_9,88.59370912520771,livelihoods_economies
2021,region_1,78.68070176013933,livelihoods_economies
2021,region_2,NA,livelihoods_economies
2021,region_3,84.47333374032337,livelihoods_economies
2021,region_4,94.95293031410364,livelihoods_economies
2021,region_5,80.03247198961073,livelihoods_economies
2021,region_6,90.26008490585934,livelihoods_economies
2021,region_7,88.23972390766826,livelihoods_economies
2021,region_8,89.42519507987225,livelihoods_economies
2021,region_9,89.47834076975876,livelihoods_economies
2022,region_1,77.56628090980497,livelihoods_economies
2022,region_2,NA,livelihoods_economies
2022,region_3,81.56365024267451,livelihoods_economies
2022,region_4,93.27057375213819,livelihoods_economies
2022,region_5,78.60000813630562,livelihoods_economies
2022,region_6,89.8532712984822,livelihoods_economies
2022,region_7,89.24206547349415,livelihoods_economies
2022,region_8,90.22110570890779,livelihoods_economies
2022,region_9,90.3629724143098,livelihoods_economies
2023,region_1,76.45186005947062,livelihoods_economies
2023,region_2,NA,livelihoods_economies
2023,region_3,78.65396674502566,livelihoods_economies
2023,region_4,91.58821719017274,livelihoods_economies
2023,region_5,77.16754428300051,livelihoods_economies
2023,region_6,89.44645769110505,livelihoods_economies
2023,region_7,90.24440703932004,livelihoods_economies
2023,region_8,91.01701633794332,livelihoods_economies
2023,region_9,91.24760405886084,livelihoods_economies
2024,region_1,76.45186005947062,livelihoods_economies
2024,region_2,NA,livelihoods_economies
2024,region_3,78.65396674502566,livelihoods_economies
2024,region_4,91.58821719017274,livelihoods_economies
2024,region_5,77.16754428300051,livelihoods_economies
2024,region_6,89.44645769110505,livelihoods_economies
2024,region_7,90.24440703932004,livelihoods_economies
2024,region_8,91.01701633794332,livelihoods_economies
2024,region_9,91.24760405886084,livelihoods_economies
2025,region_1,76.45186005947062,livelihoods_economies
2025,region_2,NA,livelihoods_economies
2025,region_3,78.65396674502566,livelihoods_economies
2025,region_4,91.58821719017274,livelihoods_economies
2025,region_5,77.16754428300051,livelihoods_economies
2025,region_6,89.44645769110505,livelihoods_economies
2025,region_7,90.24440703932004,livelihoods_economies
2025,region_8,91.01701633794332,livelihoods_economies
2025,region_9,91.24760405886084,livelihoods_economies
