"recorded_taxa_group","estimated_genus_name","estimated_taxa_group","Major_Functional_Group"
"CAMARON","Penaeus","CAMARON","Shrimps, prawns"
"MACARELA","Scomber","MACARELA","Pelagic marine fishes"
"SARDINA","Opisthonema","SARDINA","Pelagic marine fishes"
"SARDINA",NA,"SARDINA","Pelagic marine fishes"
"SARDINA","Sardinops","SARDINA","Pelagic marine fishes"
"RAYA Y SIMILARES","Mobula","RAYA Y SIMILARES","Demersal marine fishes"
"TIBURON","Squatina","TIBURON","Sharks"
"JAIBA","NEI","JAIBA","Crustaceans"
"CABRILLA","Mycteroperca","CABRILLA","Demersal marine fishes"
"PULPO","NEI","PULPO","Cephalopods"
"OTRAS","Balistes","CARPA","Demersal marine fishes"
"CAZON","NEI","CAZON","Sharks"
"LENGUADO","NEI","LENGUADO","Demersal marine fishes"
"TIBURON","Mustelus","TIBURON","Sharks"
"CORVINA","Cynoscion","CORVINA","Demersal marine fishes"
"OTRAS",NA,"OTRAS",NA
"LANGOSTA","Panulirus","LANGOSTA","Crustaceans"
"CAMARON",NA,"CAMARON","Shrimps, prawns"
"CALAMAR","Dosidicus","CALAMAR","Cephalopods"
"OTRAS","Sphoeroides","OTRAS","Demersal marine fishes"
"ALMEJA","Argopecten","ALMEJA","Molluscs excl. Cephalopods"
"CARACOL","NEI","CARACOL","Molluscs excl. Cephalopods"
"RAYA Y SIMILARES","Pseudobatos","RAYA Y SIMILARES","Demersal marine fishes"
"RAYA Y SIMILARES","Hypanus","RAYA Y SIMILARES","Demersal marine fishes"
"OTRAS","Pseudobatos","RAYA Y SIMILARES","Demersal marine fishes"
"TIBURON","NEI","TIBURON","Sharks"
"OTRAS","Haemulon","OTRAS","Demersal marine fishes"
"BANDERA","NEI","BANDERA","Demersal marine fishes"
"PAMPANO","Trachinotus","PAMPANO","Pelagic marine fishes"
"SIERRA","Scomberomorus","SIERRA","Pelagic marine fishes"
"LISA","Mugil","LISA","Demersal marine fishes"
"BANDERA","Gerres","BANDERA","Demersal marine fishes"
"ROBALO","Centropomus","ROBALO","Demersal marine fishes"
"BERRUGATA","Micropogonias","BERRUGATA","Demersal marine fishes"
"BAQUETA","Hyporthodus","BAQUETA","Demersal marine fishes"
"OTRAS","Caulolatilus","OTRAS","Demersal marine fishes"
"GUACHINANGO","Lutjanus","GUACHINANGO","Demersal marine fishes"
"ALMEJA",NA,"ALMEJA","Molluscs excl. Cephalopods"
"TIBURON","Carcharhinus","TIBURON","Sharks"
"OSTION",NA,"OSTION","Molluscs excl. Cephalopods"
"PARGO","Lutjanus","GUACHINANGO","Demersal marine fishes"
"PARGO","Hoplopagrus","OTRAS","Demersal marine fishes"
"LENGUADO","Brotula","LENGUADO","Demersal marine fishes"
"RONCO","Haemulopsis","RONCO","Demersal marine fishes"
"OTRAS","Anisotremus","MOJARRA","Demersal marine fishes"
"MERO","Epinephelus","MERO","Demersal marine fishes"
"MOJARRA","Eucinostomus argenteus","MOJARRA","Marine fishes NEI"
"OTRAS","Centropomus","ROBALO","Demersal marine fishes"
"MOJARRA","NEI","MOJARRA","Marine fishes NEI"
"MOJARRA","Calamus","MOJARRA","Marine fishes NEI"
"BERRUGATA","Menticirrhus","BERRUGATA","Demersal marine fishes"
"JUREL","Seriola","ESMEDREGAL","Pelagic marine fishes"
"OTRAS","NEI","OTRAS",NA
"JUREL","NEI","JUREL","Pelagic marine fishes"
"CABRILLA","Paralabrax","CABRILLA","Demersal marine fishes"
"OTRAS","Scorpaena","OTRAS","Demersal marine fishes"
"ERIZO","NEI","ERIZO","Other marine invertebrates"
"CAMARON","NEI","CAMARON","Shrimps, prawns"
"CAMARON","Rimapenaeus","CAMARON","Shrimps, prawns"
"CAMARON","Sicyonia","CAMARON","Shrimps, prawns"
"SARDINA","Cetengraulis","SARDINA","Pelagic marine fishes"
"ATUN","Thunnus","ATUN","Pelagic marine fishes"
"BARRILETE","Katsuwonus","BARRILETE","Pelagic marine fishes"
"OTRAS","Paralabrax","CABRILLA","Demersal marine fishes"
"PIERNA","Caulolatilus","OTRAS","Demersal marine fishes"
"OTRAS","Orthopristis","OTRAS","Demersal marine fishes"
"OTRAS","Pseudupeneus","OTRAS","Demersal marine fishes"
"ESMEDREGAL","Seriola","ESMEDREGAL","Pelagic marine fishes"
"OTRAS","Anoplopoma","OTRAS","Demersal marine fishes"
"RONCO","Menticirrhus","BERRUGATA","Demersal marine fishes"
"FAUNA",NA,"FAUNA",NA
"OTRAS","Coryphaena","OTRAS","Pelagic marine fishes"
"ABULON","NEI","ABULON","Molluscs excl. Cephalopods"
"CARACOL","Megastraea","CARACOL","Molluscs excl. Cephalopods"
"TIBURON","Galeocerdo","TIBURON","Sharks"
"OTRAS","Lutjanus","GUACHINANGO","Demersal marine fishes"
"ALMEJA","Megapitaria","ALMEJA","Molluscs excl. Cephalopods"
"BONITO","Sarda","BONITO","Pelagic marine fishes"
"SARDINA","Etrumeus","SARDINA","Pelagic marine fishes"
"MOJARRA","Eugerres","MOJARRA","Marine fishes NEI"
"RONCO","NEI","RONCO","Demersal marine fishes"
"OTRAS","Aluterus","OTRAS","Demersal marine fishes"
"OTRAS","Diplectrum","OTRAS","Demersal marine fishes"
"OTRAS","Chanos","OTRAS","Diadromous fishes"
"OTRAS","Xiphias","OTRAS","Pelagic marine fishes"
"ABULON","Haliotis","ABULON","Molluscs excl. Cephalopods"
"MERO","Mycteroperca","CABRILLA","Demersal marine fishes"
"MERO","Hyporthodus niphobles","MERO","Demersal marine fishes"
"CARPA","Balistes","CARPA","Demersal marine fishes"
"ANCHOVETA",NA,"ANCHOVETA","Pelagic marine fishes"
"OTRAS","Opistognathus","OTRAS","Demersal marine fishes"
"TIBURON","Ginglymostoma","TIBURON","Sharks"
"RAYA Y SIMILARES","Aetobatus","RAYA Y SIMILARES","Demersal marine fishes"
"TIBURON","Lamna","PETO","Sharks"
"ALGAS","Gelidium","ALGAS","Marine algae"
"OTRAS","Epinephelus","MERO","Demersal marine fishes"
"PEPINO DE MAR","Especies","PEPINO DE MAR","Other marine invertebrates"
"OTRAS","Caranx","BONITO","Pelagic marine fishes"
"OTRAS","Selene","RONCO","Demersal marine fishes"
"OTRAS","Xenichthys","OTRAS","Demersal marine fishes"
"OTRAS","Merluccius","OTRAS","Demersal marine fishes"
"CAMARON","Litopenaeus","CAMARON","Shrimps, prawns"
"CAMARON","Farfantepenaeus","CAMARON","Shrimps, prawns"
"LISA","NEI","LISA","Demersal marine fishes"
"MOJARRA","Diapterus","MOJARRA","Marine fishes NEI"
"LEBRANCHA","Mugil","LISA","Demersal marine fishes"
"ALMEJA","Dosinia","ALMEJA","Molluscs excl. Cephalopods"
"LANGOSTA","NEI","LANGOSTA","Crustaceans"
"CALAMAR",NA,"CALAMAR","Cephalopods"
"SARDINA","NEI","SARDINA","Pelagic marine fishes"
"OTRAS","Mycteroperca","CABRILLA","Demersal marine fishes"
"PARGO","Paralabrax","CABRILLA","Demersal marine fishes"
"ALMEJA","NEI","ALMEJA","Molluscs excl. Cephalopods"
"OTRAS","Nematistius","OTRAS","Demersal marine fishes"
"OTRAS","Trachinotus","PAMPANO","Pelagic marine fishes"
"RUBIA Y VILLAJAIBA","NEI","RUBIA Y VILLAJAIBA","Demersal marine fishes"
"MERO","NEI","MERO","Demersal marine fishes"
"OTRAS","Acanthurus","OTRAS","Demersal marine fishes"
"JUREL","Caranx","BONITO","Pelagic marine fishes"
"CARACOL","Megathura","CARACOL","Molluscs excl. Cephalopods"
"CARACOL","Lobatus","CARACOL","Molluscs excl. Cephalopods"
"OTRAS","Oligoplites","SARDINA","Pelagic marine fishes"
"OTRAS","Microlepidotus","OTRAS","Demersal marine fishes"
"OTRAS","Gillichthys","OTRAS",NA
"CARACOL","Triplofusus","CARACOL","Molluscs excl. Cephalopods"
"CABRILLA","Mycteroperca prionura","CABRILLA","Demersal marine fishes"
"OTRAS","Atrina","OTRAS",NA
"OTRAS","Pinna","OTRAS",NA
"RAYA Y SIMILARES","NEI","RAYA Y SIMILARES","Demersal marine fishes"
"TIBURON","Sphyrna","TIBURON","Sharks"
"OTRAS","Istiophorus","OTRAS","Pelagic marine fishes"
"PETO","Lamna","PETO","Sharks"
"OTRAS","Parapsettus","OTRAS","Demersal marine fishes"
"OTRAS","Scorpaenichthys","OTRAS","Demersal marine fishes"
"PAMPANO","Gnathanodon","PAMPANO","Pelagic marine fishes"
"LANGOSTINO","Macrobrachium","LANGOSTINO","Shrimps, prawns"
"OTRAS","Abudefduf","OTRAS","Pelagic marine fishes"
"OTRAS","Synodus","OTRAS","Demersal marine fishes"
"OTRAS","Ablennes","OTRAS","Pelagic marine fishes"
"OSTION","NEI","OSTION","Molluscs excl. Cephalopods"
"OSTION","Crassostrea","OSTION","Molluscs excl. Cephalopods"
"OTRAS","Ethmidium","OTRAS",NA
"OTRAS","Rana","OTRAS",NA
"ATUN","NEI","ATUN","Pelagic marine fishes"
"JUREL",NA,"JUREL","Pelagic marine fishes"
"OTRAS","Eucinostomus","MOJARRA","Demersal marine fishes"
"CARACOL","Hexaplex","CARACOL","Molluscs excl. Cephalopods"
"CARACOL",NA,"CARACOL","Molluscs excl. Cephalopods"
"RUBIO","Lutjanus","GUACHINANGO","Demersal marine fishes"
"ALGAS",NA,"ALGAS","Marine algae"
"ERIZO","Mesocentrotus","ERIZO","Other marine invertebrates"
"PARGO","Mycteroperca","CABRILLA","Demersal marine fishes"
"BAGRE","NEI","BAGRE","Marine fishes NEI"
"OTRAS","Makaira","OTRAS",NA
"OTRAS","Tetrapturus","OTRAS",NA
"OTRAS","Anguilla","OTRAS","Diadromous fishes"
"OTRAS","Stereolepis","OTRAS","Demersal marine fishes"
"OTRAS","Selar","OTRAS","Pelagic marine fishes"
"OTRAS","Micropogonias","BERRUGATA","Demersal marine fishes"
"CHARAL","NEI","CHARAL","Marine fishes NEI"
"SARGAZO",NA,"SARGAZO","Marine algae"
"PECES DE ORNATO",NA,"PECES DE ORNATO",NA
"ERIZO","Strongylocentrotus","ERIZO","Other marine invertebrates"
"TIBURON","Prionace","TIBURON","Sharks"
"MOJARRA","Haemulon","OTRAS","Marine fishes NEI"
"BERRUGATA","NEI","BERRUGATA","Demersal marine fishes"
"LEBRANCHA",NA,"LEBRANCHA","Demersal marine fishes"
"CAZON",NA,"CAZON","Sharks"
"OTRAS","Nicholsina","OTRAS","Demersal marine fishes"
"TRUCHA",NA,"TRUCHA","Marine fishes NEI"
"CABRILLA","Epinephelus","MERO","Demersal marine fishes"
"OTRAS","Scomberomorus","SIERRA","Pelagic marine fishes"
"OTRAS","Pagurus","OTRAS",NA
"TIBURON","Alopias","TIBURON","Sharks"
"RAYA Y SIMILARES","Urotrygon","RAYA Y SIMILARES","Demersal marine fishes"
"CINTILLA","NEI","CINTILLA","Demersal marine fishes"
"TRUCHA","NEI","TRUCHA","Marine fishes NEI"
"CABRILLA",NA,"CABRILLA","Demersal marine fishes"
"OTRAS","Kyphosus","OTRAS","Demersal marine fishes"
"BAGRE",NA,"BAGRE","Marine fishes NEI"
"OTRAS","Hemicaranx","OTRAS","Pelagic marine fishes"
"PETO",NA,"PETO","Sharks"
"OTRAS","Helicolenus","OTRAS",NA
"PETO","Acanthocybium","PETO","Sharks"
"OTRAS","Mulloidichthys","LENGUADO","Demersal marine fishes"
"PAMPANO",NA,"PAMPANO","Pelagic marine fishes"
"OTRAS","Elops","OTRAS","Demersal marine fishes"
"TIBURON","Triakis","TIBURON","Sharks"
"RUBIO","Haemulon","OTRAS","Demersal marine fishes"
"OTRAS","Paranthias","OTRAS","Demersal marine fishes"
"OTRAS","Sphyraena","OTRAS","Pelagic marine fishes"
"OTRAS","Fistularia","OTRAS","Demersal marine fishes"
"PULPO","Octopus","PULPO","Cephalopods"
"OTRAS","Bathystoma","OTRAS",NA
"RUBIA Y VILLAJAIBA","Lutjanus","GUACHINANGO","Demersal marine fishes"
"TIBURON","Rhizoprionodon","CAZON","Sharks"
"CARPA","Cyprinus","CARPA","Demersal marine fishes"
"BARRILETE","Euthynnus","BARRILETE","Pelagic marine fishes"
"SARDINA","Harengula","SARDINA","Pelagic marine fishes"
"CAZON","Negaprion","TIBURON","Sharks"
"RONCO","Lutjanus","GUACHINANGO","Demersal marine fishes"
"BANDERA","Bagre","BANDERA","Demersal marine fishes"
"CORVINA","Larimus","CORVINA","Demersal marine fishes"
"BANDERA","Ariopsis","BANDERA","Demersal marine fishes"
"TIBURON","Isurus","TIBURON","Sharks"
"OTRAS","Bathygobius","OTRAS","Demersal marine fishes"
"OTRAS","Callinectes","JAIBA","Crustaceans"
"MOJARRA","Anisotremus","MOJARRA","Marine fishes NEI"
"ALMEJA","Panopea","ALMEJA","Molluscs excl. Cephalopods"
"OTRAS","Pomadasys","OTRAS","Demersal marine fishes"
"CARPA","NEI","CARPA","Demersal marine fishes"
"RONCO","Selene","RONCO","Demersal marine fishes"
"LANGOSTINO","NEI","LANGOSTINO","Shrimps, prawns"
"BESUGO","NEI","BESUGO","Marine fishes NEI"
"CAMARON","Xiphopenaeus","CAMARON","Shrimps, prawns"
"OTRAS","Lepidoseus","OTRAS",NA
"RAYA Y SIMILARES",NA,"RAYA Y SIMILARES","Demersal marine fishes"
"ALMEJA","Amiantis","ALMEJA","Molluscs excl. Cephalopods"
"TIBURON","Nasolamia","TIBURON","Sharks"
"OTRAS","Pollicipes","OTRAS","Crustaceans"
"CINTILLA","Trichiurus","CINTILLA","Demersal marine fishes"
"ROBALO","NEI","ROBALO","Demersal marine fishes"
"OTRAS","Lujtanus","GUACHINANGO","Demersal marine fishes"
"RUBIA Y VILLAJAIBA","Ocyurus","RUBIA Y VILLAJAIBA","Demersal marine fishes"
"TIBURON","Negaprion","TIBURON","Sharks"
"OTRAS","Bairdiella","OTRAS",NA
"OTRAS","Cheilotrema","OTRAS",NA
"OTRAS","Strongylura","OTRAS","Pelagic marine fishes"
"OTRAS","Sebastes","OTRAS","Demersal marine fishes"
"OTRAS","Evibacus","OTRAS","Crustaceans"
"OTRAS","Pristis","OTRAS",NA
"CAMARON","Metapenaeus","CAMARON","Shrimps, prawns"
"OTRAS","Chaetodipterus","OTRAS",NA
"CARACOL","Turbo","CARACOL","Molluscs excl. Cephalopods"
"OTRAS","Syngnathus","OTRAS","Demersal marine fishes"
"OTRAS","Peprilus","OTRAS","Pelagic marine fishes"
"ESPECIE GENERICA",NA,"ESPECIE GENERICA",NA
"OTRAS","Mytilus","OTRAS","Molluscs excl. Cephalopods"
"CORVINA","NEI","CORVINA","Demersal marine fishes"
"ROBALO","Morone","ROBALO","Demersal marine fishes"
"OTRAS","Pseudocarcharias","OTRAS",NA
"OTRAS","Bagre","BANDERA","Demersal marine fishes"
"MERO",NA,"MERO","Demersal marine fishes"
"OTRAS","Chloroscombrus","OTRAS","Pelagic marine fishes"
"OTRAS","Clupanodon","OTRAS",NA
"RONCO","Haemulon","OTRAS","Demersal marine fishes"
"OTRAS","Totoaba","OTRAS","Demersal marine fishes"
"CARPA","Hypophthalmichthys","CARPA","Demersal marine fishes"
"MACARELA",NA,"MACARELA","Pelagic marine fishes"
"CARACOL","Turbinella","CARACOL","Molluscs excl. Cephalopods"
"TIBURON","Echinorhinus","TIBURON","Sharks"
"OTRAS","Belone","OTRAS",NA
"OTRAS","Hemirhamphus","OTRAS",NA
"JAIBA","Callinectes","JAIBA","Crustaceans"
"RAYA Y SIMILARES","Gymnura","RAYA Y SIMILARES","Demersal marine fishes"
"OTRAS","Calamus","MOJARRA","Demersal marine fishes"
"JUREL","Decapterus","JUREL","Pelagic marine fishes"
"OTRAS","Actinia","OTRAS",NA
"OTRAS","Eucinostomus gracilis","MOJARRA","Demersal marine fishes"
"RAYA Y SIMILARES","Rhinobatos","RAYA Y SIMILARES","Demersal marine fishes"
"ALMEJA","Chione","ALMEJA","Molluscs excl. Cephalopods"
"RAYA Y SIMILARES","Rhinoptera","RAYA Y SIMILARES","Demersal marine fishes"
"BANDERA","Dentex","BANDERA","Demersal marine fishes"
"OTRAS","Holocentrus","OTRAS",NA
"LENGUADO",NA,"LENGUADO","Demersal marine fishes"
"OTRAS","Micropterus","OTRAS",NA
"JUREL","Atherinopsis","JUREL","Pelagic marine fishes"
"MOJARRA","Eucinostomus gracilis","MOJARRA","Marine fishes NEI"
"SARDINA","Lagodon","SARDINA","Pelagic marine fishes"
"TIBURON",NA,"TIBURON","Sharks"
"TIBURON","Galeorhinus","TIBURON","Sharks"
"CALAMAR","Loligo","CALAMAR","Cephalopods"
"OTRAS","Cyprinodon","OTRAS",NA
"OTRAS","Brevoortia","OTRAS",NA
"OTRAS","Menticirrhus","BERRUGATA","Demersal marine fishes"
"OTRAS","Polydactylus","LISA","Demersal marine fishes"
"OTRAS","Perissias taeniopterus","OTRAS","Demersal marine fishes"
"ALGAS","Eucheuma","ALGAS","Marine algae"
"PEPINO DE MAR",NA,"PEPINO DE MAR","Other marine invertebrates"
"OTRAS","Chaceon","OTRAS",NA
"OTRAS","Alphestes","OTRAS",NA
"LISA","Polydactylus","LISA","Demersal marine fishes"
"OTRAS","Diplodus","OTRAS",NA
"OTRAS","Hoplopagrus","OTRAS","Demersal marine fishes"
"PARGO",NA,"PARGO","Demersal marine fishes"
"OTRAS","Albula","OTRAS",NA
"CARPA","Mylopharyngodon","CARPA","Demersal marine fishes"
"OTRAS","Cathorops","OTRAS",NA
"ANCHOVETA","Engraulis","ANCHOVETA","Pelagic marine fishes"
"CAZON","Rhizoprionodon","CAZON","Sharks"
"TIBURON","Carcahrhinus","TIBURON","Sharks"
"OTRAS","Trachurus","OTRAS",NA
"SARDINA","Oligoplites","SARDINA","Pelagic marine fishes"
"CHARAL","Chirostoma","CHARAL","Marine fishes NEI"
"MOJARRA","Eucinostomus","MOJARRA","Marine fishes NEI"
"LENGUADO","Mulloidichthys","LENGUADO","Demersal marine fishes"
"LENGUADO","Citharichthys","LENGUADO","Demersal marine fishes"
"LISA",NA,"LISA","Demersal marine fishes"
"CARPA","Carassius","CARPA","Demersal marine fishes"
"CHARAL",NA,"CHARAL","Marine fishes NEI"
"CAZON","Rhizorionodon","CAZON","Sharks"
"ESMEDREGAL","NEI","ESMEDREGAL","Pelagic marine fishes"
"OTRAS","Dorosoma","OTRAS",NA
"OTRAS","Spondyliosoma","OTRAS",NA
"MOJARRA",NA,"MOJARRA","Marine fishes NEI"
"LANGOSTINO",NA,"LANGOSTINO","Shrimps, prawns"
"OTRAS","Calappa","OTRAS",NA
"CINTILLA",NA,"CINTILLA","Demersal marine fishes"
"CAZON","Carcharhinus","TIBURON","Sharks"
"ESMEDREGAL",NA,"ESMEDREGAL","Pelagic marine fishes"
"BONITO","Caranx","BONITO","Pelagic marine fishes"
"OSTION","Magallana","OSTION","Molluscs excl. Cephalopods"
"TIBURON","Sypyrna","TIBURON","Sharks"
"OTRAS","Sphoeriodes","OTRAS","Marine fishes NEI"
"OTRAS","Hemiramphus","OTRAS",NA
"CARPA",NA,"CARPA","Demersal marine fishes"
"TIBURON","Sphyrna zygaena","TIBURON","Sharks"
"ORNATO",NA,"ORNATO",NA
"LENGUADO","Achirus","LENGUADO","Demersal marine fishes"
"OTRAS","Dormitator","OTRAS",NA
"JAIBA",NA,"JAIBA","Crustaceans"
"BERRUGATA",NA,"BERRUGATA","Demersal marine fishes"
"LANGOSTA",NA,"LANGOSTA","Crustaceans"
"RAYA Y SIMILARES","Dasyatis","RAYA Y SIMILARES","Demersal marine fishes"
"PULPO",NA,"PULPO","Cephalopods"
"MOJARRA","Lepomis","MOJARRA","Marine fishes NEI"
