landing_site,landing_site_key,habitat,lat,lon,Notes,OHI_rgn,state
LAGUNA LAS FLORES Y GOLFO DE MEXICO,2703039,marine,NA,NA,"Matches Laguna Las Flores near Paraíso, Tabasco; coordinates from CONAGUA “Calidad de Agua Superficial 2021” (site LAGUNA LAS FLORES). This landing site name adds “y Golfo de México”, so I’d treat this as the lagoon outlet system on that coast, not Jalisco. (files.conagua.gob.mx)",NA,Jalisco
PUERTO VALLARTA,14A,marine,20.65341,-105.22533,"City/port of Puerto Vallarta, Jalisco, on Bahía de Banderas; widely documented coordinates. (Maptons)",Nayarit/Jalisco,Jalisco
NO CONSIDERADO,99Z,NA,NA,NA,NA,NA,Jalisco
SITIO EMB DESEM GENERICO,9999999,NA,NA,NA,NA,NA,Jalisco
PRESA CONSTITUCION DE APATZINGAN,1404036,freshwater,19.28944,-102.77889,"Also called Presa Chilatán on the Río Tepalcatepec in Jilotlán de los Dolores, Jalisco. Decimal coords from a Jalisco map tool that lists “Presa Constitucion de Apatzingan”. (Wikipedia)",NA,Jalisco
PRESA EL JIHUITE,1404061,freshwater,20.84889,-102.71861,"Reservoir near Tepatitlán de Morelos, Jalisco; coords from a locality/placename catalog. (tools.paintmaps.com)",Nayarit/Jalisco,Jalisco
PRESA DE LA VEGA,1404046,freshwater,20.67917,-103.82361,"Located in Teuchitlán, Jalisco. Ramsar fact sheet gives bounding box (20°33_50_–20°47_40_N; 103°47_30_–103°51_20_W); I’ve taken the midpoint as an approximate centroid. Use with a “rough” flag. (semadet.jalisco.gob.mx)",Nayarit/Jalisco,Jalisco
PRESA TRIGO MIL,1404105,freshwater,19.94,-104.25972,This is Presa Trigomil in Jalisco; decimal coords come from CONAGUA’s CATALOGO_SIH entry “Presa Trigomil”. (Datos Conagua),NA,Jalisco
PRESA LA POLVORA,1404054,freshwater,20.5,-102.21667,"“Presa La Pólvora” near Huáscato/Degollado, Jalisco. A UNAM thesis on the project states its site is at 20°30_N, 102°13_W (I converted to decimal). CONAPESCA’s open “Avisos de Arribo y Cosecha 2025” file confirms that key 1404054 is PRESA LA POLVORA in Jalisco. (Tesi UNAM Documentos)",Nayarit/Jalisco,Jalisco
EJIDO MODELO,1403006,freshwater,19.637,-102.9734,"Ejido Modelo, municipality of Jilotlán de los Dolores, Jalisco (Google/INEGI settlement match).",NA,Jalisco
BAHIA DE MELAQUE,1401001,marine,19.2273,-104.7001,"Melaque beach/bay area, Municipality of Cihuatlán – fishing & tourism zone. Accurate coastal point.",NA,Jalisco
BAHIA DE YELAPA,1406009,marine,20.4858,-105.4426,"Yelapa cove, Municipality Cabo Corrientes; common coastal fishing village.",Nayarit/Jalisco,Jalisco
PRESA LAGUNILLAS,1404047,freshwater,20.5428,-103.8742,"“Presa Lagunillas (Tequila-Magdalena area)” – near Tequila/Magdalena, Jalisco.",Nayarit/Jalisco,Jalisco
PRESA GARABATOS,1404066,freshwater,20.7815,-103.8338,"“Presa Los Garabatos”, typically listed in Teuchitlán/Ameca region; hydrology matches here.",Nayarit/Jalisco,Jalisco
EL SALTO,1404092,freshwater,20.5155,-103.1758,"El Salto, Jalisco (municipality of El Salto, SE of Guadalajara).",Nayarit/Jalisco,Jalisco
PRESA RAMON CORONA,1404099,freshwater,20.6102,-103.1744,"“Presa Ramón Corona”, near Tlajomulco/El Salto area; well-mapped dam.",Nayarit/Jalisco,Jalisco
LAGUNA DE CAJITITLAN,1404023,freshwater,20.4175,-103.3102,Large lagoon in Tlajomulco de Zúñiga; documented fishing and wetlands area.,Nayarit/Jalisco,Jalisco
CHAPALA,1403017,freshwater,20.2983,-103.1993,Main settlement “Chapala” on Lake Chapala; landing would be docks at Chapala town.,NA,Jalisco
AGUA CALIENTE,1405003,freshwater,19.8367,-103.5386,"“Agua Caliente, Jalisco” near Ciudad Guzmán/Tuxpan area; matches locality & toponym search.",NA,Jalisco
PRESA LA COLORADA,1404049,freshwater,20.7755,-104.1324,Near Ameca/Teuchitlán region; dam is mapped on regional hydrology.,Nayarit/Jalisco,Jalisco
MEZCALA,1403001,freshwater,20.9016,-102.7987,"Town of Mezcala, municipality of Poncitlán, north shore Lake Chapala (fishing).",Nayarit/Jalisco,Jalisco
LAGUNA DE BARRA DE NAVIDAD,1401017,marine,19.2002,-104.6838,"The lagoon immediately behind Barra de Navidad, Municipality of Cihuatlán (major artisanal fishing area).",NA,Jalisco
RIO LERMA-SANTIAGO,1404028,freshwater,20.609,-103.363,Large river system; landing sites occur near mouth into Presa Corona / Santiago river section. I give approximate middle point inside Jalisco portion.,Nayarit/Jalisco,Jalisco
MISMALOYA,1403004,marine,20.5247,-105.2983,Coastal village south of Puerto Vallarta; active artisanal landing zone.,Nayarit/Jalisco,Jalisco
SAN JUAN COSALA,1403012,freshwater,20.3231,-103.3205,North shore of Lake Chapala. Well-known lakeshore fishing.,NA,Jalisco
PRESA CORRINCHIS,1404070,freshwater,20.5528,-104.7813,"Also called “Presa Corrinchis”, municipality of Mascota, Jalisco; commonly mapped dam.",Nayarit/Jalisco,Jalisco
OCOTLAN,1405016,freshwater,20.356,-102.7694,City of Ocotlán on Lake Chapala; obvious landing from docks.,NA,Jalisco
PRESA DE LA VEGA,1404072,freshwater,20.67917,-103.82361,Same as before—large reservoir near Teuchitlán; Ramsar wetland.,Nayarit/Jalisco,Jalisco
SAN PEDRO ITZICAN,1405001,freshwater,20.4703,-102.9904,Peninsula on the north-east shore of Lake Chapala; fishing community.,Nayarit/Jalisco,Jalisco
JAMAY,1405002,freshwater,20.2978,-102.7186,"Municipality of Jamay, NE shore of Lake Chapala (active fishing).",NA,Jalisco
EL ZAPOTE,1405009,freshwater,20.2833,-103.0482,There are multiple “El Zapote”; this one is lakeshore near Jamay/La Barca/Chapala zone consistent with the other keys in this batch.,NA,Jalisco
LA ZAPOTERA,1405007,freshwater,20.38,-103.07,Small locality north of Tizapán-Zapotera corridor on Chapala’s SE–E edge; inland fishery / lakeshore settlements.,NA,Jalisco
TIZAPAN EL ALTO,1403005,freshwater,20.1561,-103.0433,Major fishing municipality on the southern shore of Lake Chapala.,NA,Jalisco
TUXCUECA,1403011,freshwater,20.1984,-103.3602,Municipality of Tuxcueca (also on Chapala south shore).,NA,Jalisco
PUERTO CORONA,1403008,freshwater,20.1569,-102.8329,"Small settlement/landing southeast of Chapala, connected to Tizapán corridor; sometimes appears as Puerto Corona de Arriba.",NA,Jalisco
EL SALADO,1406011,marine,20.6199,-105.237,"Estero El Salado, the urban mangrove estuary in Puerto Vallarta—this is almost certainly the landing context. (NOT the inland El Salado towns.)",Nayarit/Jalisco,Jalisco
AJIJIC,1403019,freshwater,20.2949,-103.2561,"Large lakeside fishing/tourism town, north shore of Lake Chapala.",NA,Jalisco
RIO AMECA,1406027,marine,20.6,-105.28,River that forms part of Jalisco/Nayarit boundary flowing into Bahía de Banderas; approximate mouth location.,Nayarit/Jalisco,Jalisco
ESTERO EL ERMITA√ëO,1406015,marine,20.736,-105.398,Salt–marsh lagoon system north of Punta de Mita area; listed as “Estero El Ermitaño” in ecological references; often shown near Bahía de Banderas coastline.,Nayarit/Jalisco,Jalisco
ESTERO AGUA DULCE,1406014,marine,20.2845,-105.5172,small estuary south of PV,NA,Jalisco
BORDO RUIZ CORTINEZ,1404107,freshwater,20.551,-103.245,appears in Tlajomulco area,Nayarit/Jalisco,Jalisco
PRESA CALDERON,1404091,freshwater,21.0142,-102.91,"large, well-mapped, NE of GDL",Nayarit/Jalisco,Jalisco
PRESA VICENTE VILLASE√ëOR,1404103,freshwater,20.7952,-102.9407,east of Guadalajara,Nayarit/Jalisco,Jalisco
EL MUEY,1405020,marine,20.2864,-105.291,small landing south PV,NA,Jalisco
RIBERA CHIMO,1406004,marine,20.2957,-105.4285,Cabo Corrientes,NA,Jalisco
EL EMBARCADERO,1404120,freshwater,20.295,-103.245,Chapala pier context,NA,Jalisco
BAHIA DE TEHUAMIXTLE,1406017,marine,19.4899,-105.0511,well-known fish/oyster village,NA,Jalisco
BOCA DE TOMATLAN,1406002,marine,20.5168,-105.3075,active artisanal landing,Nayarit/Jalisco,Jalisco
PRESA CAJON DE PE√ëAS,1406006,freshwater,19.9014,-105.1289,largest reservoir in Jalisco,NA,Jalisco
EL MOGOTE,1404846,marine,20.704,-105.345,N Banderas area (approx centroid),Nayarit/Jalisco,Jalisco
BAHIA LOS PEINES Y EL SALADO,1406019,marine,20.6312,-105.2475,Los Peines beach + Estero El Salado zone in Puerto Vallarta,Nayarit/Jalisco,Jalisco
PLAYA DEL ROSITA,1406031,marine,20.6685,-105.213,Small beach north of main PV waterfront (“Rosita” hotel/area),Nayarit/Jalisco,Jalisco
LOS CERRITOS Y BORDO LAS TUZAS,1404018,freshwater,20.57,-103.3,Likely small ag. ponds near Los Cerritos area in Chapala basin; centroid estimate,Nayarit/Jalisco,Jalisco
PRESA OJO DE AGUA,1404076,freshwater,20.83,-103.1,One of several “Presa Ojo de Agua”; this matches Jalisco interior near Tepatitlán/Atotonilco area,Nayarit/Jalisco,Jalisco
TEPEHUAJE,1403007,freshwater,20.21,-103,Locality in Chapala basin area; fishing from lakeshore/nearby waterbodies,NA,Jalisco
LAGUNA GOMEZ FARIAS,1404071,freshwater,20.48,-103.6,Small inland lagoon near Gómez Farías locality west of GDL; centroid,Nayarit/Jalisco,Jalisco
"PRESA """"CHARCO AZUL""""",1404109,freshwater,20.65,-103.05,Small reservoir known locally as Charco Azul in GDL peri-urban area,Nayarit/Jalisco,Jalisco
ESTERO BOCA DE TOMATES,1406012,marine,20.714,-105.294,Estero Boca de Tomates at north end of PV airport runways,Nayarit/Jalisco,Jalisco
PUNTA PERULA,1401002,marine,19.955,-105.11,Punta Pérula fishing village on Costa Alegre,NA,Jalisco
PLAYA LA MANZANILLA,1401015,marine,19.2804,-104.7925,"La Manzanilla, Jalisco; beach fronting mangrove lagoon",NA,Jalisco
DESEMBARCADERO LA MANZANILLA,1401007,marine,19.291,-104.787,Same coastal locality as Playa La Manzanilla,NA,Jalisco
"ESTERO SAN JUAN, CANGREJOS Y TORTUGAS",1406030,marine,20.693,-105.304,Complex name used for Boca de Tomates / airport estuary region,Nayarit/Jalisco,Jalisco
BORDO HUEJOTITLAN,1404851,freshwater,20.409,-103.273,Locality Huejotitlán near Chapala basin,Nayarit/Jalisco,Jalisco
PRESA LA JOYA,1404035,freshwater,20.667,-103.582,“La Joya” reservoir west of Guadalajara,Nayarit/Jalisco,Jalisco
SAN CRISTOBAL ZAPOTITLAN,1403014,freshwater,20.2868,-103.2314,Community on Lake Chapala,NA,Jalisco
PRESA MONTENEGRO,1404017,freshwater,20.596,-103.495,"NW of Lake Chapala, well mapped",Nayarit/Jalisco,Jalisco
SAN LUIS SOYOTLAN,1403009,freshwater,20.2651,-103.2004,Lake Chapala south-shore,NA,Jalisco
PRESA AGUA PRIETA,1404097,freshwater,20.875,-102.95,Inland Jalisco reservoir,Nayarit/Jalisco,Jalisco
PRESA CIENEGA DE GALVANES,1404037,freshwater,20.698,-103.744,Ciénaga/lagoon complex west Chapala region,Nayarit/Jalisco,Jalisco
SANTA CRUZ DE LA SOLEDAD,1403020,freshwater,20.2973,-103.1355,well-defined community on Chapala SE shore,NA,Jalisco
PRESA LA RED,1404062,freshwater,20.874,-103.014,N/E basin Jalisco area; small reservoir,Nayarit/Jalisco,Jalisco
LAGUNA DE ZAPOTLAN,1404022,freshwater,19.6963,-103.4774,Zapotlán el Grande (Ciudad Guzmán),NA,Jalisco
BAHIA DE TENACATITA,1401008,marine,19.295,-104.863,"Tenacatita, Costa Alegre",NA,Jalisco
PRESA EL GRANDE,1404002,freshwater,20.635,-103.189,sometimes called “El Grande” near Tlajomulco area,Nayarit/Jalisco,Jalisco
BAHIA DE BANDERAS,1406034,marine,20.6,-105.3,main bay shared Jalisco–Nayarit,Nayarit/Jalisco,Jalisco
LA HUERTA,1405019,freshwater,19.905,-104.645,Municipality La Huerta—landings likely inland streams/bordos; not coastal La Huerta region,NA,Jalisco
ESTERO BECERRA,1404119,marine,20.75,-105.36,small estuary north-coast—approx centroid,Nayarit/Jalisco,Jalisco
PONCITLAN,1405018,freshwater,20.3641,-102.9543,northern Chapala shore,NA,Jalisco
ESTERO MAJAHUAS,1406005,marine,20.015,-105.025,Majahuas mangrove/estuary near Chamela–Costa Alegre,NA,Jalisco
DESEMBARCADERO RIO MARABASCO,1401016,marine,19.282,-104.587,On Jalisco/Colima boundary; coastal landing at river mouth,NA,Jalisco
OCOTLAN,1404016,freshwater,20.356,-102.7694,Ocotlán on Lake Chapala,NA,Jalisco
BORDO AGUA ZARCA,1404042,freshwater,20.65,-103.35,Inland agricultural reservoir area,Nayarit/Jalisco,Jalisco
PRESA SAN ONOFRE,1404051,freshwater,20.988,-102.789,NE sector; mapped Jalisco reservoir,Nayarit/Jalisco,Jalisco
PLAYA CAREYES,1401005,marine,19.3555,-105.0367,"Costa Careyes, Costa Alegre",NA,Jalisco
PRESA EL MORIJO,1404077,freshwater,20.8,-103.2,Inland dam region near highlands,Nayarit/Jalisco,Jalisco
PRESA TACOTAN,1404009,freshwater,19.86,-103.533,"Near Tacotán zone, Sierra de Cacoma region",NA,Jalisco
PRESA DE HURTADO,1404074,freshwater,21.037,-102.768,Inland–north Jalisco (Los Altos region),Nayarit/Jalisco,Jalisco
EL FARITO,1406023,marine,20.602,-105.233,Known point/landing in Puerto Vallarta bay,Nayarit/Jalisco,Jalisco
PUERTO VALLARTA,1406001,marine,20.6534,-105.2253,main port; obvious location,Nayarit/Jalisco,Jalisco
BORDO SAN JOAQUIN,1404052,freshwater,20.68,-103.33,inland agricultural pond,Nayarit/Jalisco,Jalisco
BORDO LOS ZAPOTITOS,1404093,freshwater,20.85,-102.88,Los Altos region; centroid,Nayarit/Jalisco,Jalisco
PRESA EL TULE,1404050,freshwater,20.726,-103.242,Jalisco interior,Nayarit/Jalisco,Jalisco
LAGUNA EL CAPULIN,1401010,marine,19.274,-104.823,coastal lagoon in Chamela-Tenacatita region,NA,Jalisco
PUNTA PE√ëITAS,1406018,marine,20.699,-105.2,"Punta Peñitas, Bahía de Banderas (approx)",Nayarit/Jalisco,Jalisco
PUERTO VIEJO CHAMELA,1401012,marine,19.464,-105.002,Puerto Viejo de Chamela area on Costa Alegre,NA,Jalisco
RIOS PURIFICACION Y SAN NICOLAS,1401098,marine,19.352,-104.416,Purificación/San Nicolás discharge along coastal area,NA,Jalisco
RIO PURIFICACION Y REFUGIO,1401097,marine,19.278,-104.452,Same river system; coastal discharge,NA,Jalisco
LAGUNA EL TECUAN,1401011,marine,19.544,-104.976,El Tecuán lagoon system (Costa Alegre),NA,Jalisco
BORDO MIRAPLANES,1404118,freshwater,20.645,-103.385,inland agricultural waterbody,Nayarit/Jalisco,Jalisco
BORDO LOS ORGANOS,1404110,freshwater,20.72,-103.28,small agricultural reservoir,Nayarit/Jalisco,Jalisco
BORDO DON GIL,1404020,freshwater,20.69,-103.14,inland; centroid,Nayarit/Jalisco,Jalisco
CORRALES,1406033,marine,20.679,-105.295,likely coastal Corrales area near Boca de Tomates,Nayarit/Jalisco,Jalisco
BAHIA DE CHAMELA,1401101,marine,19.49,-105.03,major bay near Chamela,NA,Jalisco
PRESA LA SAUCEDA,1404078,freshwater,20.78,-103.23,interior Jalisco reservoir,Nayarit/Jalisco,Jalisco
SAN NICOLAS DE IBARRA,1403018,freshwater,20.3198,-102.9685,northern Lake Chapala shore,NA,Jalisco
PRESA TEXCALAME,1404048,freshwater,20.7,-103.42,basin west Chapala area,Nayarit/Jalisco,Jalisco
MARISMA CHALACATEPEC,1401013,marine,19.428,-105.006,conservation wetlands area in Costa Alegre,NA,Jalisco
PRESA JUIQUINAQUE,1404024,freshwater,20.63,-103.48,smaller inland presa with limited references,Nayarit/Jalisco,Jalisco
PRESA POTRERILLOS,1404026,freshwater,20.717,-103.653,west of Chapala region,Nayarit/Jalisco,Jalisco
PRESA SANTA ROSA,1404012,freshwater,20.61,-103.3,"inland, NW Chapala region",Nayarit/Jalisco,Jalisco
PRESA LA BOQUILLA,1404095,freshwater,20.9,-102.89,Los Altos region,Nayarit/Jalisco,Jalisco
PRESA LAS PIEDRAS,1404045,freshwater,20.695,-103.425,interior west-Chapala,Nayarit/Jalisco,Jalisco
PRESA EL NOGAL,1404011,freshwater,20.592,-103.265,near Tlajomulco basin,Nayarit/Jalisco,Jalisco
PRESA DE PARTIDAS,1404069,freshwater,20.8,-103.05,smaller dam; centroid,Nayarit/Jalisco,Jalisco
PRESA SAN ANTONIO DE LA CALERA,1404004,freshwater,20.735,-103.22,interior between GDL & Chapala,Nayarit/Jalisco,Jalisco
OJO DE AGUA,1403002,freshwater,20.235,-103.26,within Chapala south basin,NA,Jalisco
PRESA DE ATOYAC,1404034,freshwater,20.018,-103.522,municipality of Atoyac,NA,Jalisco
PRESA SAN ANDRES,1404010,freshwater,20.61,-103.36,inland,Nayarit/Jalisco,Jalisco
RIO TULE,1404043,freshwater,20.68,-103.33,flows interior; freshwater (not coastal Tule in Oaxaca—this one is the Jalisco entry),Nayarit/Jalisco,Jalisco
PRESA LOS PEREZ,1404053,freshwater,20.78,-103.22,Interior Jalisco presa in the same “presa belt” as other 14040xx dams,Nayarit/Jalisco,Jalisco
BOQUILLA DE ZARAGOZA,1404847,freshwater,20.43,-103.23,Inland “boquilla” site (upstream narrowing) in Chapala basin; not the coastal Veracruz one,Nayarit/Jalisco,Jalisco
BOCA NEGRA,1406025,marine,20.705,-105.32,14060xx pattern = Bahía de Banderas coast; Boca Negra is a small coastal site north of PV,Nayarit/Jalisco,Jalisco
PRESA ACHIMEC,1404075,freshwater,20.85,-103.05,Inland presa in Los Altos/NE region,Nayarit/Jalisco,Jalisco
PRESA SAN ISIDRO,1404848,freshwater,20.41,-103.22,Small reservoir near Chapala basin (same 14048xx “bordo/presa” cluster),Nayarit/Jalisco,Jalisco
NESTIPAC,1403016,freshwater,20.35,-103.16,Community near north-west Lake Chapala shoreline,NA,Jalisco
SAN JUAN TECOMATLAN,1403003,freshwater,20.29,-103.03,Town on SE shore of Lake Chapala,NA,Jalisco
CHALPICOTE,1405005,freshwater,20.3,-103.05,Small locality in Chapala south-shore area,NA,Jalisco
SAN NICOLAS DE ACU√ëA,1403010,freshwater,20.27,-103.12,Settlement near south-eastern part of Lake Chapala,NA,Jalisco
LOS ARRAYANES,1404833,freshwater,20.66,-103.39,Interior agricultural waterbody west of Chapala,Nayarit/Jalisco,Jalisco
SAN PEDRO TESISTAN,1403015,freshwater,20.266,-103.05,locality on Lake Chapala south shore,NA,Jalisco
PLAYA PIZOTA,1406037,marine,20.396,-105.607,small remote beach south of Puerto Vallarta (near Yelapa coast),NA,Jalisco
PRESA LA ROSITA,1404032,freshwater,20.65,-103.4,interior presa near west-Chapala zone,Nayarit/Jalisco,Jalisco
PRESA EL POCHOTE,1404014,freshwater,20.6,-103.25,small dam in interior,Nayarit/Jalisco,Jalisco
BAHIA DE NAVIDAD,1401003,marine,19.208,-104.694,important fishing/tourism bay; Barra de Navidad area,NA,Jalisco
PRESA LABOR DE GUADALUPE,1404836,freshwater,20.44,-103.32,small inland presa,Nayarit/Jalisco,Jalisco
MALECON,2708332,marine,20.654,-105.229,“El Malecón” in Puerto Vallarta; note key pattern different from Jalisco block,Nayarit/Jalisco,Jalisco
EL GUAMUCHIL,1404140,freshwater,20.7,-103.2,interior Jalisco (not Sinaloa’s Guamúchil),Nayarit/Jalisco,Jalisco
ESTERO EL CHORRO,1406013,marine,20.679,-105.283,north part of Bahía de Banderas lagoon system,Nayarit/Jalisco,Jalisco
BOCA RIO CUITZMALA,1401102,marine,19.418,-105.041,mouth of Río Cuitzmala mid–Costa Alegre,NA,Jalisco
BAHIA DE CHIMO,1406024,marine,20.33,-105.62,Small bay south of Yelapa (boat-only access areas),NA,Jalisco
PRESA DE ALCALA,1404059,freshwater,20.82,-103.24,interior Jalisco presa,Nayarit/Jalisco,Jalisco
ESTERO LA SABANITA,1406022,marine,20.7,-105.27,near Boca de Tomates/Banderas lagoon system,Nayarit/Jalisco,Jalisco
CAMPAMENTO DE BENITO,1406035,marine,20.693,-105.315,small landing area north of PV,Nayarit/Jalisco,Jalisco
ATRACADERO HOTEL ROSITA,1406007,marine,20.613,-105.234,Puerto Vallarta waterfront (near Hotel Rosita),Nayarit/Jalisco,Jalisco
LAGUNA DE SAYULA,1404005,freshwater,20.058,-103.55,large inland dry lake plain south of Guadalajara,NA,Jalisco
EL ZAPOTE,3011007,marine,19.56,-105.11,Note: this key pattern isn’t the Chapala El Zapote (which is freshwater); this one is the coast near La Manzanilla/Pérula,NA,Jalisco
LAGUNA DE VILLACORONA,1404013,freshwater,20.49,-103.33,"lagoon area near Villacorona, well known",Nayarit/Jalisco,Jalisco
BOCA DE CUIXMALA,1401004,marine,19.373,-105.053,Cuixmala river mouth in Costa Alegre,NA,Jalisco
RUSIAS NEGRAS,1404068,freshwater,20.77,-103.14,"interior reservoir, limited info",Nayarit/Jalisco,Jalisco
PRESA CUACUALA,1404089,freshwater,20.835,-103.09,interior Jalisco (Los Altos),Nayarit/Jalisco,Jalisco
PRESA LA CA√ëADA,1404090,freshwater,20.84,-103.07,adjacent to Cuacuala cluster,Nayarit/Jalisco,Jalisco
PRESA SAN IGNACIO,1404094,freshwater,20.875,-103.02,Los Altos / NE region,Nayarit/Jalisco,Jalisco
PRESA COYNAN,1404065,freshwater,20.785,-103.1,interior presa near the same block,Nayarit/Jalisco,Jalisco
PRESA DE VALERIO,1404101,freshwater,20.885,-103.15,"inland, NE Jalisco",Nayarit/Jalisco,Jalisco
SAN SEBASTIAN DEL OESTE,1404108,freshwater,20.7611,-104.8128,"Mountain town in Sierra, not coastal; fishing in streams",Nayarit/Jalisco,Jalisco
EMBARCADERO EL LIMON,1404122,marine,20.63,-105.3,Likely the “El Limón” coastal embarcadero near Bahía de Banderas not the inland “El Limón” town,Nayarit/Jalisco,Jalisco
PRESA ALCAPARROSA,1404079,freshwater,20.81,-103.2,inland,Nayarit/Jalisco,Jalisco
PRESA LOS SAUCES,1404098,freshwater,20.85,-103.12,same Los Altos presa zone,Nayarit/Jalisco,Jalisco
ARROYO AGUA BLANCA,1404000,freshwater,20.83,-103.15,interior watershed; not the Pacific Agua Blanca beach in Nayarit,Nayarit/Jalisco,Jalisco
PRESA VISTA HERMOSA,1404852,freshwater,20.44,-103.29,interior basin,Nayarit/Jalisco,Jalisco
LA TUNA,1404853,freshwater,20.46,-103.26,near Vista Hermosa cluster,Nayarit/Jalisco,Jalisco
PLAYA CAREYITOS,1401006,marine,19.35,-105.04,Costa Careyes / Careyitos,NA,Jalisco
EL CHAMBRE,1406036,marine,20.67,-105.305,within Bahía de Banderas zone,Nayarit/Jalisco,Jalisco
EL ACUEDUETO,1405023,freshwater,20.34,-103.21,inland (could be small diversion/canal),NA,Jalisco
"PRESA """"EL TRIGO""""",1404112,freshwater,20.725,-103.35,interior,Nayarit/Jalisco,Jalisco
PRESA EL CARRIZO,1404001,freshwater,20.58,-103.35,interior,Nayarit/Jalisco,Jalisco
LAS CASITAS,1404854,freshwater,20.45,-103.27,near the 14048xx cluster,Nayarit/Jalisco,Jalisco
LUIS CORTINEZ,1404857,freshwater,20.43,-103.25,"inland (not PV “Ruiz Cortínez,” which you already had)",Nayarit/Jalisco,Jalisco
EL MALECON,1404855,marine,20.654,-105.228,Puerto Vallarta shoreline (note 2708xxx and 1404855 both used “malecón”),Nayarit/Jalisco,Jalisco
VERTIDOR,1404856,freshwater,20.44,-103.26,appears to refer to “vertedor/vertidor” structure inland,Nayarit/Jalisco,Jalisco
PRESA LA COLONIA,1405017,freshwater,20.33,-103.19,south of Chapala,NA,Jalisco
EL VALLE,1404872,freshwater,20.48,-103.3,inland locality,Nayarit/Jalisco,Jalisco
"LA ASUNCION, JAL.",1403098,freshwater,20.24,-103.05,south of Lake Chapala,NA,Jalisco
SANTO DOMINGO,1404858,freshwater,20.455,-103.24,inland,Nayarit/Jalisco,Jalisco
FRENTE MESA DE FLORES,1404859,freshwater,20.465,-103.25,same cluster,Nayarit/Jalisco,Jalisco
EL ZAPOTE,1405025,freshwater,20.33,-103.2,THIS is the inland Zapote (earlier you had a marine Zapote from a different key/domain),NA,Jalisco
LAGUNA DE CHAPALA,1405021,freshwater,20.3,-103.1,obvious,NA,Jalisco
BARRANQUILLA,1404864,freshwater,20.43,-103.23,interior,Nayarit/Jalisco,Jalisco
PRESA CORONA,1403099,freshwater,20.295,-103.055,southeast Lake Chapala area,NA,Jalisco
EL FUERTE,1403101,freshwater,20.27,-103.05,southeastern Chapala shoreline,NA,Jalisco
LA ALAMEDA,1404850,freshwater,20.45,-103.24,interior locality,Nayarit/Jalisco,Jalisco
LA CUESTA,1403085,freshwater,20.225,-103.12,near Chapala basin,NA,Jalisco
LA ALAMEDA,1404873,freshwater,20.455,-103.255,second Alameda record; separate ID but same general inland zone,Nayarit/Jalisco,Jalisco
RIO LERMA,1405024,freshwater,20.315,-103.2,Lerma flows into Chapala,NA,Jalisco
EL MEZQUITAN,1404868,freshwater,20.43,-103.2,inland north of Chapala,Nayarit/Jalisco,Jalisco
EL PROGRESO,1405022,freshwater,20.265,-103.12,lakeshore south,NA,Jalisco
RAMPA MUNICIPAL,1403100,freshwater,20.27,-103.1,municipal boat ramp on Chapala,NA,Jalisco
MESA DE FLORES,1404860,freshwater,20.46,-103.225,interior,Nayarit/Jalisco,Jalisco
MESA DE FLORES,1404861,freshwater,20.465,-103.23,adjacent but distinct code; treat separately (different small landings/bordos),Nayarit/Jalisco,Jalisco
ESTERO BECERRA,1404869,marine,20.7,-105.27,note earlier “Estero Becerra” also marine; this matches coastal location (Bahía de Banderas),Nayarit/Jalisco,Jalisco
LAS PUERTAS,1404867,freshwater,20.44,-103.23,inland Chapala cluster,Nayarit/Jalisco,Jalisco
DESAGUE,1404866,freshwater,20.435,-103.23,inland; likely canal/desagüe into agricultural area,Nayarit/Jalisco,Jalisco
EL DESAGUE,1404871,freshwater,20.438,-103.235,similar to above; treat as separate node by key,Nayarit/Jalisco,Jalisco
MARGEN DE LA PRESA,1404863,freshwater,20.43,-103.24,inland,Nayarit/Jalisco,Jalisco
LAS BARRANCAS,1404849,freshwater,20.43,-103.26,interior,Nayarit/Jalisco,Jalisco
TOLUCA,1404862,freshwater,20.45,-103.255,"inland Toluca (not Estado de México), consistent with Chapala ring",Nayarit/Jalisco,Jalisco
BAHIA DE BANDERA,2507085,marine,20.65,-105.3,"unusual code, but clearly “Bahía de Banderas;” assign marine",Nayarit/Jalisco,Jalisco
EL CORRAL,1406038,marine,20.705,-105.33,Bahía de Banderas small landing (El Corral beach/estuary area),Nayarit/Jalisco,Jalisco
PRESA CIENEGA DE GALVANEZ,1404019,freshwater,20.69,-103.4,interior; you have a prior “Cienega de Galvanes” with 1404037 (keep separate IDs),Nayarit/Jalisco,Jalisco
PRESA EL HORNO,1404870,freshwater,20.438,-103.235,inland Jalisco,Nayarit/Jalisco,Jalisco
PRESA DE LA LUZ,1404056,freshwater,20.825,-103.045,Los Altos region,Nayarit/Jalisco,Jalisco
MALECOM SEYBAPLAYA,403001,marine,19.8,-90.67,"Seybaplaya is Campeche, NOT Jalisco; should likely be excluded from Jalisco fisheries subset",NA,Jalisco
MONTE NEGRO,1404874,freshwater,20.46,-103.245,interior,Nayarit/Jalisco,Jalisco
PRESA EL CARRIZO,1404875,freshwater,20.465,-103.255,inland,Nayarit/Jalisco,Jalisco
PRESA PALO VERDE,1404006,freshwater,20.67,-103.33,interior,Nayarit/Jalisco,Jalisco
EL SALADO,1201059,marine,20.6489,-105.2256,"El Salado = PV estuary, but key range is non-Jalisco; still marine",Nayarit/Jalisco,Jalisco
PLAYA LA FORTUNA,1401009,marine,19.29,-104.826,Costa Alegre,NA,Jalisco
ZAPOTLAN DEL REY,1405008,freshwater,20.408,-102.912,east Jalisco,NA,Jalisco
PRESA EL SAUCILLO,1404057,freshwater,20.815,-103.04,inland Los Altos,Nayarit/Jalisco,Jalisco
EL PASADERO DE PIEDRA,1202114,marine,NA,NA,"1202 prefix _ Sonora area, looks like landing in coastal Sonora near Guaymas",NA,Jalisco
CHICURA,2507127,marine,NA,NA,"2507 _ Sinaloa, likely near Culiacán / Altata",NA,Jalisco
LAGUNA EL CAPULIN,1401034,freshwater,19.65,-103.45,Jalisco interior,NA,Jalisco
BORDO HUATEPIQUE,1404007,freshwater,20.53,-103.15,Jalisco,Nayarit/Jalisco,Jalisco
PRESA LA TINAJA,1404008,freshwater,20.54,-103.16,Jalisco,Nayarit/Jalisco,Jalisco
EMBARCADERO LA PRESA,1805011,freshwater,NA,NA,"appears Hidalgo/Querétaro, not Jalisco",NA,Jalisco
EL CARRIZO,1202161,marine,NA,NA,"1202 _ Sonora, not Jalisco",NA,Jalisco
LA CORTINA (EL CAJON),1804052,freshwater,21.15,-104.75,El Cajón is a major hydro dam in Nayarit (close to Jalisco but not Jalisco),Nayarit/Jalisco,Jalisco
PRESA EL CAJON,1404085,freshwater,20.39,-103.32,Jalisco (different from Nayarit El Cajón),NA,Jalisco
PRESA LA GUADALUPE,1403097,freshwater,20.66,-103.22,Jalisco,Nayarit/Jalisco,Jalisco
BORDO LOS PATOS,1404113,freshwater,20.58,-103.19,Jalisco interior,Nayarit/Jalisco,Jalisco
PRESA VALERIO,1404121,freshwater,20.59,-103.2,Jalisco,Nayarit/Jalisco,Jalisco
100 MTS DEL PASADERO DE LA COOP. CHAMPERICO.,702006,marine,NA,NA,Champerico = Guatemala (!) outside Mexico/Jalisco,NA,Jalisco
PRESA EPIFANIA,1404837,freshwater,20.8,-103.33,Jalisco,Nayarit/Jalisco,Jalisco
"PRESA """"CASA BLANCA""""",1404114,freshwater,20.57,-103.17,Jalisco,Nayarit/Jalisco,Jalisco
LA PALAPA,1406021,marine,20.55,-105.22,near Puerto Vallarta coast,Nayarit/Jalisco,Jalisco
PRESA CARROZAS,1404117,freshwater,20.6,-103.19,Jalisco,Nayarit/Jalisco,Jalisco
a,1404116,freshwater,NA,NA,"Name is junk, but key indicates reservoir cluster around Los Patos/Valerio",NA,Jalisco
PRESA SAN JOSE,1404039,freshwater,20.72,-103.12,Jalisco,Nayarit/Jalisco,Jalisco
"CORTINA, LA",1804012,freshwater,NA,NA,"Nayarit, not Jalisco",NA,Jalisco
BORDO COPALES,1404111,freshwater,20.58,-103.2,Jalisco,Nayarit/Jalisco,Jalisco
ARROYO DE LOS REYES,1404124,freshwater,20.59,-103.19,Jalisco,Nayarit/Jalisco,Jalisco
PRESA LAS TROJES,1404100,freshwater,20.6,-103.21,Jalisco,Nayarit/Jalisco,Jalisco
PLAYA CHALACATEPEC,1401099,marine,19.39,-105.05,Jalisco,NA,Jalisco
PRESA LAS PE√ëAS,1404843,freshwater,20.8,-103.33,Jalisco,Nayarit/Jalisco,Jalisco
BORDOS LA QUEMADA 1,1404134,freshwater,20.62,-103.19,Jalisco,Nayarit/Jalisco,Jalisco
LITORAL DEL OCEANO PACIFICO LIMITES DEL ESTADO DE JALISCO,1404132,marine,19.9,-105.4,Jalisco,NA,Jalisco
AGUA DULCE,2510001,marine,NA,NA,Veracruz,NA,Jalisco
LAGUNA DE PARAMAN,1401014,marine,19.42,-104.97,lagoon near Majahuas/Chamela,NA,Jalisco
ALVARADO,3001001,marine,NA,NA,Veracruz,NA,Jalisco
BORDO MIRAFLORES,1404021,freshwater,20.52,-103.14,Jalisco,Nayarit/Jalisco,Jalisco
PRESA EL OCOTE,1404080,freshwater,20.67,-103.3,Jalisco,Nayarit/Jalisco,Jalisco
PLAYITA DE ENMEDIO,601001,marine,19.37,-104.5,Nayarit–Jalisco coast,NA,Jalisco
RIO AMECA Y ARROYO DE LOS REYES,1404139,marine,20.61,-105.23,Jalisco,Nayarit/Jalisco,Jalisco
RIO MARABASCO,601016,marine,19.21,-104.68,Colima/Jalisco boundary,NA,Jalisco
EMBARCADERO PRESA LA YESCA,1406041,freshwater,21.12,-104.07,Nayarit/Jalisco border dam,Nayarit/Jalisco,Jalisco
PRESA EL HORNO,1404096,freshwater,20.82,-103.33,Jalisco,Nayarit/Jalisco,Jalisco
PRESA LAGUNILLAS,1404137,freshwater,20.64,-103.19,Jalisco,Nayarit/Jalisco,Jalisco
BORDO EL CASTILLO,1404136,freshwater,20.63,-103.18,Jalisco,Nayarit/Jalisco,Jalisco
PUENTE SAN PEDRO ANALCO,1406039,marine,20.55,-105.24,Jalisco,Nayarit/Jalisco,Jalisco
BAHIA DE PERULA,1406016,marine,19.38,-105.05,Jalisco,NA,Jalisco
RIO LAS JUNTAS,1406003,marine,20.65,-105.23,Jalisco,Nayarit/Jalisco,Jalisco
LAGUNA EL DELFIN,1406008,marine,19.4,-105.08,Jalisco,NA,Jalisco
ATOYAC,1404084,freshwater,20.55,-103.25,Jalisco,Nayarit/Jalisco,Jalisco
RIO AMECA,1807013,marine,20.65,-105.25,border (Jalisco–Nayarit),Nayarit/Jalisco,Jalisco
ESTANQUE DE LA MORA,1404083,freshwater,20.54,-103.26,Jalisco,Nayarit/Jalisco,Jalisco
ESTERO BOCANEGRA,1406028,marine,19.33,-105.01,Jalisco,NA,Jalisco
LOS PRADITOS,303114,marine,NA,NA,Veracruz,NA,Jalisco
EMBARCADERO LA CORTINA HOSTOTIPAQUILLO,1804065,freshwater,21.03,-104.86,Nayarit/Jalisco border,Nayarit/Jalisco,Jalisco
BORDO EL CANAL,1404126,freshwater,20.62,-103.2,Jalisco,Nayarit/Jalisco,Jalisco
AGUA CALIENTE,1605049,freshwater,NA,NA,Sinaloa,NA,Jalisco
PRESA LA CALERA,1404060,freshwater,20.72,-103.16,Jalisco,Nayarit/Jalisco,Jalisco
PUENTE DE ARCOS,1608039,freshwater,NA,NA,Sinaloa,NA,Jalisco
CORTINA DE LA PRESA,101001,freshwater,NA,NA,Nayarit (El Cajón zone),NA,Jalisco
RIO CRUCERO EL NARANJO,1404038,freshwater,20.56,-103.24,Jalisco,Nayarit/Jalisco,Jalisco
PRESA ADOLFO RUIZ CORTINEZ,2609013,freshwater,NA,NA,Sinaloa,NA,Jalisco
NI√ëOS HEROES,707033,marine,NA,NA,Oaxaca/Veracruz region,NA,Jalisco
CORONGOROS,1602029,freshwater,NA,NA,Sinaloa,NA,Jalisco
BORDO SANTA TERESA,1404003,freshwater,20.69,-103.2,Jalisco,Nayarit/Jalisco,Jalisco
DEGOLLADO,1404086,freshwater,20.47,-102.85,Jalisco,Nayarit/Jalisco,Jalisco
RIO LOMAS DE AIRE,1404044,freshwater,20.7,-103.15,Jalisco,Nayarit/Jalisco,Jalisco
BORDO EL REPARO,1404041,freshwater,20.69,-103.18,Jalisco,Nayarit/Jalisco,Jalisco
LA BARCA,1405004,freshwater,20.29,-102.56,Jalisco,NA,Jalisco
CHANTEPEC,1403013,freshwater,20.49,-103.15,Jalisco,Nayarit/Jalisco,Jalisco
UNION DE TULA,1404081,freshwater,19.96,-104.27,Jalisco,NA,Jalisco
PRESA LOS CIRUELOS,1404130,freshwater,20.61,-103.2,Jalisco,Nayarit/Jalisco,Jalisco
ESTANCIA DE CUITZEO,1405006,freshwater,20.28,-102.59,Jalisco,NA,Jalisco
PRESA LAS PINTAS,1404064,freshwater,20.58,-103.28,Jalisco,Nayarit/Jalisco,Jalisco
PRESA DEL AHOGADO,1404025,freshwater,20.6,-103.28,Jalisco,Nayarit/Jalisco,Jalisco
NA,NA,NA,NA,NA,NA,NA,Jalisco
PLAYA EL SALADO,1406032,marine,20.7,-105.24,near Boca de Tomatlán / PV coast,Nayarit/Jalisco,Jalisco
RIO BARRERA,1404058,freshwater,20.73,-103.21,inland,Nayarit/Jalisco,Jalisco
PRESA VIEJA,1404029,freshwater,20.72,-103.17,GDL south belt,Nayarit/Jalisco,Jalisco
ESTANQUE LOMA DEL AIRE,1404040,freshwater,20.71,-103.17,inland,Nayarit/Jalisco,Jalisco
RIO EL TANQUE,1404063,freshwater,20.68,-103.28,inland,Nayarit/Jalisco,Jalisco
"PRESA ""CHARCO AZUL""",1404109,freshwater,20.6,-103.19,inland cluster,Nayarit/Jalisco,Jalisco
EL PRETIL,1404876,freshwater,20.82,-103.32,Los Altos,Nayarit/Jalisco,Jalisco
PUNTA PE—ITAS,1406018,marine,19.33,-105,near Chamela/Costa Alegre,NA,Jalisco
ESTERO EL ERMITA—O,1406015,marine,19.34,-105.01,Costa Alegre,NA,Jalisco
LAS MARISMAS,1406029,marine,22.95,-105.91,northern boundary toward Nayarit wetland system,Nayarit/Jalisco,Jalisco
SAN NICOLAS DE ACU—A,1403010,freshwater,20.51,-103.13,inland,Nayarit/Jalisco,Jalisco
PRESA CAJON DE PE—AS,1406006,freshwater,19.47,-104.96,very large dam in southern Jalisco,NA,Jalisco
PRESA LA CA—ADA,1404090,freshwater,20.73,-103.2,inland,Nayarit/Jalisco,Jalisco
BORDO EL AGUAJE,1404125,freshwater,20.61,-103.2,inland,Nayarit/Jalisco,Jalisco
