landing_site,clave,subregion,long,lat,State,hand_added,notes
ABAROA ISLOTE,129,2.0129,-113.2088,26.7386,Baja California Sur,,
ABREOJOS PUNTA,101,2.0101,-113.5742,26.7077,Baja California Sur,,
ADOLFO LOPEZ MATEOS PUERTO,204,2.0204,-112.1185,25.1889,Baja California Sur,,
AGUA CHALE,NA,2,-112.02,25.1,Baja California Sur,yes,
AGUA VERDE PUERTO,172,3.0172,-111.0814,25.5277,Baja California Sur,,
AGUAS LITORALES (BAHIA ASUNSION),NA,2,-114.29,27.13,Baja California Sur,yes,
AGUAS LITORALES (BAHIA TORTUGAS),NA,2,-114.9,27.69,Baja California Sur,yes,
AGUAS LITORALES (CD. CONSTITUCION),NA,2,-112,25.2,Baja California Sur,yes,
AGUAS LITORALES (LA PAZ),NA,3,-110.31,-24.14,Baja California Sur,yes,
AGUAS LITORALES (LOS CABOS),NA,3,-109.9,23.3,Baja California Sur,yes,
AGUAS LITORALES (PUNTA ABREOJOS),NA,2,-113.56,26.72,Baja California Sur,yes,
AGUAS LITORALES DEL SUR,312,2.0312,-112.017,24.522,Baja California Sur,,
ÁGUILAS LAS,15,2.0015,-114.054,27.762,Baja California Sur,,
AGUILILLA EL PUNTA,177,3.0177,-111.2102,25.7048,Baja California Sur,,
ALAMBRE ISLOTE EL,27,2.0027,-114.25,27.7455,Baja California Sur,,
ALAMO BOCA DE,43,3.0043,-109.8026,23.8952,Baja California Sur,,
ALCATRAZ PUERTO,309,2.0309,-111.8552,24.5173,Baja California Sur,,
ALGUATE PUNTA,271,2.0271,-111.7791,24.5487,Baja California Sur,,
ALMEJA PUERTO,204,3.0204,-111.43,26.379,Baja California Sur,,
ALMEJAS BAHÍA LAS,300,2.03,-111.678,24.441,Baja California Sur,,
AMARILLA PUNTA SANTA ROSA,219,3.0219,-111.663,26.783,Baja California Sur,,
ANA BAHÍA SANTA,294,3.0294,-112.5839,27.6628,Baja California Sur,,
ANIMAS BOCA DE LAS,180,2.018,-112.0938,25.6803,Baja California Sur,,
ANIMAS LAS,374,2.0374,-110.509,25.128,Baja California Sur,,
ARENA PUNTA BAHÍA CONCEPCIÓN,238,3.0238,-111.8589,26.7936,Baja California Sur,,
ARGUDIN PURTO,267,2.0267,-111.844,24.64,Baja California Sur,,
ARROYO ANCHO,NA,2,-112.29,26.24,Baja California Sur,yes,
ARROYO EL FRIJOL,NA,2,-112.01,24.9,Baja California Sur,yes,
ARROYO LA PITAYA,NA,3,-110.95,25.05,Baja California Sur,yes,
ARROYO PRIMER,30,2.003,-114.3941,27.8311,Baja California Sur,,
ARROYO SANTO DOMINGO ESTERO,190,2.019,-112.0845,25.3992,Baja California Sur,,
ASTORGA PUERTO,203,2.0203,-112.1188,25.1895,Baja California Sur,,
ASUNCIÓN BAHÍA,87,2.0087,-114.2905,27.1436,Baja California Sur,,
ASUNCION ISLA,371,2.0371,-114.295,27.121,Baja California Sur,,
ASUNCIÓN ISLA LA,88,2.0088,-114.29,27.1035,Baja California Sur,,
AZABACHES LOS,99,3.0099,-110.3045,24.3447,Baja California Sur,,
BAHIA CONCEPCION B.C.SUR.,NA,3,-111.89,26.81,Baja California Sur,yes,
BAHIA DE LOS ANGELES,NA,3,-113.56,28.95,Baja California Sur,yes,
BAHIA DE LOS ANGELES B.C.N.,NA,3,-113.56,28.95,Baja California Sur,yes,
BAHIA DE SANTANA,NA,2,-113.33,26.83,Baja California Sur,yes,
BAHIA SAN FRANCISQUITO,NA,3,-112.9,28.4,Baja California Sur,yes,
BAHIA SAN RAFAEL,NA,1,-113.0066,28.5235,Baja California Sur,yes,probably in Baja California
BAJO DEL 23,NA,3,NA,NA,Baja California Sur,yes,unclear location (shoal)
BAJO DEL TETIS,NA,2,-112.5,24.8,Baja California Sur,yes,
BAJO EL TIBURON,239,3.0239,-111.8988,26.8487,Baja California Sur,yes,
BALLENAS BAHÍA,110,2.011,-113.391,26.76,Baja California Sur,,
BALLENAS PUNTA,219,2.0219,-112.163,24.7605,Baja California Sur,,
BALLENAS ROCAS LAS,99,2.0099,-113.6676,26.7432,Baja California Sur,,
BALSAS ESTERO LAS,254,2.0254,-112.046,24.7872,Baja California Sur,,
BANDERITAS,228,2.0228,-112.1143,24.87,Baja California Sur,,
BARRANCAS LAS,159,2.0159,-112.2501,26.0368,Baja California Sur,,
BARRANCAS LAS LOS CABOS,29,3.0029,-109.447,23.477,Baja California Sur,,
BARRILES LOS,37,3.0037,-109.6975,23.6773,Baja California Sur,,
BARRIO DE LA PLAYA,NA,3,-109.67,23.06,Baja California Sur,yes,
BARRIO LA PLAYA,NA,3,-109.67,23.06,Baja California Sur,yes,
BENTONITA PUNTA,324,2.0324,-110.8711,23.9564,Baja California Sur,,
BLANCA AGUA,340,2.034,-110.3169,23.5507,Baja California Sur,,
BLANCA PUNTA,159,3.0159,-110.863,25.089,Baja California Sur,,
BOCA DE LOS CARDONES,NA,2,-110.21,23.33,Baja California Sur,yes,
BOCA EL MOJON,NA,NA,NA,NA,Baja California Sur,yes,maybe in Oaxaca?
BOCA PUNTA DE SAN BRUNO,166,3.0166,-110.9319,25.2912,Baja California Sur,,
BOCA SAN DIEGO,NA,2,-113.57,27.72,Baja California Sur,yes,
BOCANA DE SAN VENANCIO,NA,2,-112.417,27.083,Baja California Sur,yes,
BOCANA ESTERO DE LA,97,2.0097,-113.7008,26.7838,Baja California Sur,,
BOLAS PIEDRA,20,3.002,-109.438,23.244,Baja California Sur,,
BOTELLA PUNTA,200,3.02,-111.383,26.238,Baja California Sur,,
BRUNO SAN SANTA ROSALIA,265,3.0265,-112.1644,27.1682,Baja California Sur,,
BUENA VISTA,NA,3,-109.6973,23.6604,Baja California Sur,yes,
BUENA VISTA (EN LOS CABOS),NA,3,-109.7,23.66,Baja California Sur,yes,
BUENAVISTA CAMPO,169,2.0169,-112.0808,25.6691,Baja California Sur,,
BUENAVISTA ESTERO,171,2.0171,-112.0703,25.6354,Baja California Sur,,
BUENO ESTERO RANCHO,313,2.0313,-111.407,24.314,Baja California Sur,,
BUTO SAN,251,2.0251,-112.042,24.757,Baja California Sur,,
CABEZA MECHUDA PUNTA,138,3.0138,-110.657,24.809,Baja California Sur,,
CABO PULMO,28,3.0028,-109.42,23.445,Baja California Sur,,
CAJETE EL,113,3.0113,-110.5951,24.2512,Baja California Sur,,
CALLES PLUTARCO ELIAS,352,2.0352,-110.147,23.2148,Baja California Sur,,
CAMPO EL DATIL (EN LA LAGUNA OJO DE LIEBRE),NA,2,-113.91,27.76,Baja California Sur,yes,
CAMPO ENMEDIO,NA,2,-112.05,25.1,Baja California Sur,yes,
CAMPO PESQUERO EL DELGADITO,NA,2,-113.0581,26.6064,Baja California Sur,yes,
CANCUN ESTERO,280,2.028,-111.6402,24.5597,Baja California Sur,,
CANCUN PUERTO,273,2.0273,-111.745,24.5451,Baja California Sur,,
CANDELEROS PUNTA,285,3.0285,-112.3135,27.4385,Baja California Sur,,
CARACOL PLAYA EL,88,3.0088,-110.1982,24.2973,Baja California Sur,,
CARDÓN EL,120,2.012,-113.1501,26.7842,Baja California Sur,,
CARDÓN PARAJE EL,295,2.0295,-111.5221,24.4008,Baja California Sur,,
CARDONAL EL LA PAZ,41,3.0041,-109.7447,23.8473,Baja California Sur,,
CAREY ESTERO EL,284,2.0284,-111.6329,24.5201,Baja California Sur,,
CARLOS CANAL SAN,238,2.0238,-112.111,24.742,Baja California Sur,,
CARLOS ESTERO SAN,236,2.0236,-112.0809,24.7907,Baja California Sur,,
CARLOS PUERTO SAN,259,2.0259,-111.9669,24.7661,Baja California Sur,,
CARLOS PUNTA SAN,235,2.0235,-112.102,24.794,Baja California Sur,,
CARLOS SAN AGUAS LITORALES,233,2.0233,-112.1012,24.7902,Baja California Sur,,
CARMEN ISLA,184,3.0184,-111.172,25.943,Baja California Sur,,
CARRIZAL BOCA DEL,364,2.0364,-110.0143,22.9189,Baja California Sur,,
CARRIZALITO,160,3.016,-110.863,25.089,Baja California Sur,,
CASITAS LAS,73,2.0073,-114.6315,27.4936,Baja California Sur,,
CATALINA ISLA SANTA,174,3.0174,-110.8175,25.6345,Baja California Sur,,
CAYUCO EL,299,2.0299,-111.6859,24.4161,Baja California Sur,,
CAYUCO ESTERO EL,279,2.0279,-111.6548,24.5719,Baja California Sur,,
CEDRO EL,326,2.0326,-110.868,23.9532,Baja California Sur,,
CELESTUN,NA,NA,NA,NA,Baja California Sur,yes,unclear
CEMENTERIO EL SAN CARLOS,234,2.0234,-112.102,24.794,Baja California Sur,,
CENTENARIO,NA,3,-110.42,24.14,Baja California Sur,yes,
CERRALVO CANAL,79,3.0079,-109.9446,24.1897,Baja California Sur,,
CERRALVO ISLA,52,3.0052,-109.8693,24.2357,Baja California Sur,,
CHALE PUERTO,294,2.0294,-111.5502,24.417,Baja California Sur,,
CHAPARRITO CAMPO,12,2.0012,-114.1611,27.8463,Baja California Sur,,
CHESTER CAMPO,43,2.0043,-115.0444,27.8583,Baja California Sur,,
CHEVO CAMPITO,39,2.0039,-114.8519,27.823,Baja California Sur,,
CHICHARRON EL,157,2.0157,-112.267,26.0509,Baja California Sur,,
CHISGUETE ESTERO EL,260,2.026,-111.9684,24.7767,Baja California Sur,,
CHOROS PUNTA,89,2.0089,-114.154,27.1268,Baja California Sur,,
CHUPALODO (CAMPO PESQUERO),NA,2,-112.05,25.1,Baja California Sur,yes,
CISNE PUNTA,307,2.0307,-111.8463,24.5123,Baja California Sur,,
CLAM PUNTA BAY,69,2.0069,-114.8441,27.6216,Baja California Sur,,
COLORADA PUNTA ISLA SAN JOSE),146,3.0146,-110.598,25.037,Baja California Sur,,
COLORADA PUNTA SANTA ROSALIA,247,3.0247,-111.9687,26.9255,Baja California Sur,,
COLORADITA O PUERTO ESCONDIDO (I. DE CEDROS),NA,2,-115.21,28.08,Baja California Sur,yes,
COLORADITO EL,272,3.0272,-112.1012,27.2294,Baja California Sur,,
COLORADO EL CAMPO,137,3.0137,-110.685,24.733,Baja California Sur,,
COMONDU BAHÍA,184,2.0184,-112.137,25.6695,Baja California Sur,,
CONCEPCIÓN BAHÍA,227,3.0227,-111.761,26.6194,Baja California Sur,,
CONCEPCION PUNTA,222,3.0222,-111.8201,26.8965,Baja California Sur,,
CONEJO EL,75,2.0075,-114.5577,27.445,Baja California Sur,,
CONSTITUCION CIUDAD,266,2.0266,-111.65,25.05,Baja California Sur,,
CORTEZ PUERTO,306,2.0306,-111.822,24.4752,Baja California Sur,,
CORTINA DE LA PRESA,NA,NA,NA,NA,Baja California Sur,yes,dam wall
COSTAS DE CELESTUN,NA,NA,NA,NA,Baja California Sur,yes,Gulf of Mexico?
COVE PUNTA,241,2.0241,-112.101,24.616,Baja California Sur,,
COYOTE EL,318,2.0318,-110.998,24.066,Baja California Sur,,
COYOTE ESTERO EL,108,2.0108,-113.4079,26.8255,Baja California Sur,,
COYOTE PUNTA LORETO,232,3.0232,-111.8875,26.7211,Baja California Sur,,
CRISTOBAL PUNTA SAN,365,2.0365,-109.967,22.876,Baja California Sur,,
CRISTOBAL SAN,76,2.0076,-114.5021,27.3987,Baja California Sur,,
CRUCES LAS GUERRERO NEGRO,8,2.0008,-114.1066,27.9441,Baja California Sur,,
CRUZ ISLA SANTA,151,3.0151,-110.716,25.283,Baja California Sur,,
CUEVITA LA,338,2.0338,-110.519,23.652,Baja California Sur,,
CUEVITAS LAS,285,2.0285,-111.6323,24.5146,Baja California Sur,,
CURRY ESTERO EL,262,2.0262,-111.9495,24.7804,Baja California Sur,,
CURVA LA,213,2.0213,-112.1924,24.889,Baja California Sur,,
DALITAR,NA,3,-109.6010,23.3466,Baja California Sur,yes,
DATIL CAMPO,24,2.0024,-114.1758,27.7491,Baja California Sur,,
DATIL ESTERO EL,220,2.022,-112.1485,24.8492,Baja California Sur,,
DATIL PUERTO,296,2.0296,-111.4977,24.3721,Baja California Sur,,
DATILAR EL,319,2.0319,-111.0334,24.1002,Baja California Sur,,
DATILES ESTERO EL,207,2.0207,-112.1741,25.0892,Baja California Sur,,
DELGADITO EL,230,3.023,-111.8285,26.6404,Baja California Sur,,
DELGADITO ESTERO EL,124,2.0124,-113.078,26.6769,Baja California Sur,,
DIABLO LA CURVA DEL,212,2.0212,-112.1924,24.889,Baja California Sur,,
DIEGO ISLA SAN,150,3.015,-110.703,25.208,Baja California Sur,,
DIFUNTOS LOS,347,2.0347,-110.1886,23.3414,Baja California Sur,,
DOLORES LOS,157,3.0157,-110.855,25.075,Baja California Sur,,
DOMINGO BOCA SANTO,177,2.0177,-112.0988,25.4993,Baja California Sur,,
DOMINGO PUNTA SANTO,145,2.0145,-112.7939,26.3358,Baja California Sur,,
DOMINGO SANTO,146,2.0146,-112.5977,26.2947,Baja California Sur,,
EL BARRIL,NA,3.0037,-112.9330,28.3,Baja California Sur,yes,
EL BARRIL B.C.N.,NA,3,-112.93,28.3,Baja California Sur,yes,
EL CAMPITO (EN BAHIA TORTUGAS),NA,2,-114.9,27.7,Baja California Sur,yes,
EL CARDON EN LAGUNA SAN IGNACIO,NA,2,-113.2,26.83,Baja California Sur,yes,
EL CARDONAL,NA,3,-110.3670,24.031,Baja California Sur,yes,
EL CENTENARIO,106,3.0106,-110.3229,24.1494,Baja California Sur,yes,likely La Paz area
EL DATIL,296,2.0296,-111.4977,24.3721,Baja California Sur,,
EL DATIL EN LAGUNA DE SAN IGNACIO,NA,2,-113.17,26.86,Baja California Sur,yes,
EL DATIL II (CAMPO PESQUERO DE SAN JOSE DE GRACIA),NA,2,-113.17,26.86,Baja California Sur,yes,
EL JUNCALITO (B.C.S.),NA,3,-111.247,25.741,Baja California Sur,yes,
EL MANGLITO,NA,3,-110.32,24.16,Baja California Sur,yes,
EL PORTUGES,NA,2,-112.12,24.86,Baja California Sur,yes,
EL PORTUGUEZ,NA,2,-112.12,24.86,Baja California Sur,yes,
EL QUEEN,NA,NA,NA,NA,Baja California Sur,yes,unclear
EL SAUZAL,NA,2,-116.7,31.9,Baja California Sur,yes,north of Ensenada
EL TEMBLOR,NA,2,-111.9,24.6,Baja California Sur,yes,
EL UNO,NA,2,-113.2,26.9,Baja California Sur,yes,
ELEFANTE PUNTA,44,2.0044,-115.0686,27.8644,Baja California Sur,,
ELENITA SANTA,200,2.02,-112.1084,25.2377,Baja California Sur,,
ELENITA SANTA ESTERO,199,2.0199,-112.1084,25.2377,Baja California Sur,,
EMBARCADERO DE SAN ANDRES,NA,2,-112.22,26.79,Baja California Sur,yes,
ENSENADA BLANCA,179,3.0179,-111.2205,25.7252,Baja California Sur,,
ENSENADA DE CORTEZ,NA,3,-111.32,25.92,Baja California Sur,yes,
ENSENADA LA CHABELA (EN ISLA SAN MARCOS),NA,3,-112.04,27.18,Baja California Sur,yes,
ENTRADA PUNTA,243,2.0243,-112.055,24.54,Baja California Sur,,
EQUIPALITO EL,242,3.0242,-111.9167,26.8786,Baja California Sur,,
ESCONDIDA LAGUNA LA,109,2.0109,-113.4079,26.8255,Baja California Sur,,
ESCONDIDO PUERTO LORETO,193,3.0193,-111.308,25.822,Baja California Sur,,
ESTERO EL AHUETE,NA,2,-112,24.6,Baja California Sur,yes,
ESTERO EL BARRIL,37,3.0037,-109.6975,23.6773,Baja California Sur,,
ESTERO EL DATIL (B.C.S.),NA,2,-113.17,26.86,Baja California Sur,yes,
ESTERO EL DELGADITO (B.C.S.),NA,2,-113.06,26.61,Baja California Sur,yes,
ESTERO HOMBRES SOLOS,NA,2,-112,25,Baja California Sur,yes,
ESTERO SALINAS,269,2.0269,-111.8028,24.5457,Baja California Sur,,
ESTERO SAN JORGE,163,2.0163,-112.1342,25.8359,Baja California Sur,,
ESTERO SAN JOSE B.C.N.,NA,2,-115.93,30.42,Baja California Sur,yes,
ESTERO SANTA ROSA,NA,3,-109.9,23.3,Baja California Sur,yes,
EUGENIA CANAL PUNTA,45,2.0045,-115.0869,27.8583,Baja California Sur,,
EUGENIA PUNTA,51,2.0051,-115.0766,27.8477,Baja California Sur,,
EVARISTO PUNTA SAN,152,3.0152,-110.698,24.917,Baja California Sur,,
FARO EL,105,2.0105,-113.5237,26.7572,Baja California Sur,,
FARO PLAYA EL,4,3.0004,-109.859,22.903,Baja California Sur,,
Faro Santo Domingo,NA,3,-114.15,27.03,Baja California Sur,yes,
FLOR DE MALVA BOCA DE,317,2.0317,-111.077,24.132,Baja California Sur,,
FLORIDA LA,225,2.0225,-112.1052,24.9893,Baja California Sur,,
FRAILES LOS,26,3.0026,-109.431,23.376,Baja California Sur,,
FRAILES MORRO LOS,24,3.0024,-109.424,23.32,Baja California Sur,,
GALLINA ISLA LA,129,3.0129,-110.3935,24.4698,Baja California Sur,,
GALLINITA PUNTA,274,2.0274,-111.7322,24.5506,Baja California Sur,,
GALLLEGOS ISLOTE LOS,176,3.0176,-111.0679,25.7328,Baja California Sur,,
GATO ESTERO EL,181,2.0181,-112.14,25.674,Baja California Sur,,
GORDA PUNTA LOS CABOS,11,3.0011,-109.572,23.085,Baja California Sur,,
GRANDE ESTERO,289,2.0289,-111.5639,24.4503,Baja California Sur,,
GRANDE PUNTA,264,3.0264,-112.1551,27.1596,Baja California Sur,,
GREGORIO ESTERO SAN,158,2.0158,-112.2772,26.0975,Baja California Sur,,
GUADALUPE ARROYO DE,316,2.0316,-111.172,24.182,Baja California Sur,,
GUADALUPE PUNTA,226,3.0226,-111.8331,26.8327,Baja California Sur,,
GUAMUCHIL,106,3.0106,-110.3229,24.1494,Baja California Sur,yes,likely La Paz area
GUAYMAS,NA,3,-110.9,27.92,Baja California Sur,yes,
GUERRERO NEGRO,7,2.0007,-114.044,27.98,Baja California Sur,,
GUERRERO NEGRO (B.C.S.),NA,2,-114.04,27.97,Baja California Sur,yes,
HERRADURA LA,265,2.0265,-111.911,24.719,Baja California Sur,,
HERRADURA LA ESTERO,263,2.0263,-111.937,24.733,Baja California Sur,,
HIPOLITO BAHÍA SAN,95,2.0095,-113.8424,26.9124,Baja California Sur,,
HIPOLITO PUNTA SAN,92,2.0092,-114.9788,26.9796,Baja California Sur,,
HIPOLITO SAN,93,2.0093,-113.8349,26.9694,Baja California Sur,,
HOMBRES SOLOS,NA,2,-112.02,24.9,Baja California Sur,yes,
HORCONCITO EL,174,2.0174,-112.0781,25.5203,Baja California Sur,,
HORNITOS LOS,41,2.0041,-114.9958,27.828,Baja California Sur,,
HORNITOS NUEVOS,42,2.0042,-114.9958,27.828,Baja California Sur,,
IGNACIO ESTERO SAN,122,2.0122,-113.1518,26.775,Baja California Sur,,
IGNACIO SAN,121,2.0121,-113.1266,26.8077,Baja California Sur,,
ILDEFONSO ISLA SAN,215,3.0215,-111.408,26.623,Baja California Sur,,
INES ISLA SANTA,251,3.0251,-111.9276,27.0277,Baja California Sur,,
INOCENTES LOS,337,2.0337,-110.6797,23.7698,Baja California Sur,,
ISIDRO SAN,42,3.0042,-109.7836,23.8676,Baja California Sur,,
ISLA CATALANA,NA,3,-110.781,25.653,Baja California Sur,yes,
ISLA DE ASUNCION,88,2.0088,-114.29,27.1035,Baja California Sur,,
ISLA DE CEDROS,NA,2,-115.23,28.19,Baja California Sur,yes,
ISLA ESPIRITU SANTO,NA,3,-110.3,24.49,Baja California Sur,yes,
ISLA MARGARITA,NA,2,-111.55,24.28,Baja California Sur,yes,
ISLA RAZA,NA,3,-112.99,28.83,Baja California Sur,yes,midriff island
ISLA SAN JOSE,NA,3,-110.58,24.92,Baja California Sur,yes,
ISLITA LA B.C.N.,4,2.0004,-114.135,28.0955,Baja California Sur,,
ISLOTES ESTERO LOS,253,2.0253,-112.0469,24.7886,Baja California Sur,,
JACINTO SAN,176,2.0176,-112.075,25.511,Baja California Sur,,
JICAMA LA,172,2.0172,-112.0651,25.5482,Baja California Sur,,
JOYA LA,335,2.0335,-110.7183,23.8038,Baja California Sur,,
JUAN SAN DE LA COSTA,119,3.0119,-110.6837,24.3814,Baja California Sur,,
JUANICO BAHÍA SAN,152,2.0152,-112.4379,26.2087,Baja California Sur,,
JUANICO SAN,150,2.015,-112.4673,26.181,Baja California Sur,,
JUNCOS LOS,106,2.0106,-113.4994,26.7928,Baja California Sur,,
LA BINORAMA,NA,2,-112.06,26.24,Baja California Sur,yes,"likely on Pacific side, Comondu"
LA CALAVERA,NA,3,-110.32,24.17,Baja California Sur,yes,
LA CRUZ,NA,3,-110.31,24.16,Baja California Sur,yes,
LA JICAMITA,NA,2,-112.026,26.401,Baja California Sur,yes,
LA LICOMITA,NA,2,-112.02,25.06,Baja California Sur,yes,
LA PAZ BAHÍA DE,134,3.0134,-110.491,24.365,Baja California Sur,,
LA PITHAYA,NA,3,-110.95,25.03,Baja California Sur,yes,
LA PLAYITA,NA,3,-109.67,23.062,Baja California Sur,yes,
LA RAMADITA (SAN NICOLAS),NA,3,-111.9,26.7,Baja California Sur,yes,
LA RIBERA,NA,3,-109.584,23.593,Baja California Sur,yes,
LA SALINITA,NA,2.0274,-114.104,27.101,Baja California Sur,yes,
LAGO DE CUITZEO,NA,NA,NA,NA,Baja California Sur,yes,inland lakes
LAGUNA DE SAN IGNACIO,NA,2,-113.117,26.75,Baja California Sur,yes,
LAGUNA LAS FLORES Y GOLFO DE MEXICO,NA,NA,NA,NA,Baja California Sur,yes,may be in Gulf of Mexico
LAGUNA MANUELA,NA,2,-114.35,27.7,Baja California Sur,yes,
LAGUNA MANUELA.,NA,2,-114.35,27.7,Baja California Sur,yes,
LAGUNA SAN IGNACIO,NA,2,-113.117,26.75,Baja California Sur,yes,
LAS BOTELLAS (CAMPO PESQUERO),NA,2,-112,25,Baja California Sur,yes,
Las Casitas (Laguna Ojo de Liebre),NA,2,-113.95,27.73,Baja California Sur,yes,
LAS ISLITAS,NA,3.0098,-111.2748,25.7573,Baja California Sur,yes,
LAS OCHO BOMBAS,NA,2,-112.05,25.1,Baja California Sur,yes,
LAS POCITAS (EN ESTERO SAN JORGE),NA,2,-111.7,25.2,Baja California Sur,yes,
LAS RAMADITAS,NA,2,-111.966,25.129,Baja California Sur,yes,
LAS TINAJAS,NA,2,-111.7363,26.1259,Baja California Sur,yes,
LAZARO ESTERO SAN,292,2.0292,-111.581,24.3961,Baja California Sur,,
LAZARO SAN,250,2.025,-112.2713,24.7629,Baja California Sur,,
LEON PUNTA,112,3.0112,-110.5622,24.221,Baja California Sur,,
LEONA LA,59,2.0059,-115.0141,27.7308,Baja California Sur,,
LEY FEDERAL DE AGUAS N0. 5,NA,NA,NA,NA,Baja California Sur,yes,placeholder
LIGUI,181,3.0181,-111.2626,25.7419,Baja California Sur,,
LIMEÑO EL ISLA CERRALVO,57,3.0057,-109.9357,24.3521,Baja California Sur,,
LOBERA LA,53,2.0053,-115.0497,27.8127,Baja California Sur,,
LOBOS PUNTA,346,2.0346,-110.194,23.344,Baja California Sur,,
LOBOS PUNTA BAHÍA ASUNCIÓN,91,2.0091,-114.9989,26.9829,Baja California Sur,,
LOBOS ROCA,266,3.0266,-112.0679,27.1674,Baja California Sur,,
LOCA LA,57,2.0057,-115.0322,27.7672,Baja California Sur,,
LOMA AMARILLA,184,2.0184,-112.137,25.6695,Baja California Sur,yes,
"LOMA AMARILLA, COMONDU",NA,2,-112.06,26.24,Baja California Sur,yes,
LOMITA AMARILLA,NA,2,-112.07,25.05,Baja California Sur,yes,
LOPEZ MATEOS,NA,2,-112.117,25.192,Baja California Sur,yes,
LOPEZ MATEOS AGUAS LITORALES,209,2.0209,-112.14,25.019,Baja California Sur,,
LORENZO PUNTA SAN,97,3.0097,-110.2848,24.3558,Baja California Sur,,
LORETO,197,3.0197,-111.337,26.005,Baja California Sur,,
LORETO AGUAS LITORALES,191,3.0191,-111.295,26.014,Baja California Sur,,
LOS BURRITOS (CAMPO PESQUERO),NA,2,-112.11,25.03,Baja California Sur,yes,
LOS PRADITOS,NA,2,-112.1,25.2,Baja California Sur,yes,
LUCAS BAHÍA SAN,2,3.0002,-109.888,22.891,Baja California Sur,,
LUCAS ESTERO SAN,274,3.0274,-112.1985,27.2316,Baja California Sur,,
LUCAS PUNTA SAN,276,3.0276,-112.2335,27.3001,Baja California Sur,,
LUIS SAN,18,3.0018,-109.4668,23.1837,Baja California Sur,,
MAGDALENA BAHÍA,217,2.0217,-112.1914,24.837,Baja California Sur,,
MAGDALENA ISLA,193,2.0193,-112.1089,25.3816,Baja California Sur,,
MAGDALENA PUERTO,240,2.024,-112.139,24.635,Baja California Sur,,
MALARRIMO,33,2.0033,-114.6688,27.7833,Baja California Sur,,
MALARRIMO CAMPO,35,2.0035,-114.7188,27.7963,Baja California Sur,,
MALARRIMO PUNTA,33,2.0033,-114.6688,27.7833,Baja California Sur,,
MANGLE EL,315,2.0315,-111.217,24.251,Baja California Sur,,
MANUELA ESTERO LAGUNA B.C.N.,3,2.0003,-114.068,28.1308,Baja California Sur,,
MANZANILLAS BOCA LAS,353,2.0353,-110.1411,23.182,Baja California Sur,,
MARCOS ISLA SAN,271,3.0271,-112.0746,27.221,Baja California Sur,,
MARGARITA ISLA SANTA,308,2.0308,-111.8571,24.4623,Baja California Sur,,
MARÍA BAHÍA SANTA,248,2.0248,-112.1827,24.7109,Baja California Sur,,
MARÍA PUNTA SANTA,284,3.0284,-112.323,27.4166,Baja California Sur,,
MARIA SANTA,330,2.033,-110.7671,23.9005,Baja California Sur,,
MARISCAL,NA,2,-111.98,24.6,Baja California Sur,yes,
MARQUEZ PUNTA,325,2.0325,-110.874,23.9547,Baja California Sur,,
MARROS LOS,63,2.0063,-114.8683,27.6944,Baja California Sur,,
MARTA SANTA,170,3.017,-111.0283,25.4515,Baja California Sur,,
MATANCITAS,NA,2,-112.03,25.3,Baja California Sur,yes,
MATEO SAN,169,3.0169,-110.987,25.3707,Baja California Sur,,
MEDANO AMARILLO,264,2.0264,-111.927,24.75,Baja California Sur,,
Medano Barraquilla,NA,2,-112.1,24.8,Baja California Sur,yes,
MEJIA PUERTO,90,3.009,-110.214,24.3039,Baja California Sur,,
MIGRIÑO EL,358,2.0358,-110.1036,23.0367,Baja California Sur,,
MIGUEL SAN,208,3.0208,-111.411,26.527,Baja California Sur,,
MINITAS (EN ISLA SAN JOSE),NA,3,-110.7,25.2,Baja California Sur,yes,
MOGOTE EL,107,3.0107,-110.3455,24.1665,Baja California Sur,,
MOJON EL,254,3.0254,-111.9926,27.0645,Baja California Sur,,
MONSERRAT ISLA,175,3.0175,-111.0492,25.6808,Baja California Sur,,
MORENA ISLA,165,3.0165,-110.9324,25.2748,Baja California Sur,,
MORGAN BAJO,343,2.0343,-110.68,23.41,Baja California Sur,,
MORRO SANTO DOMINGO,NA,2,-114.124,28.2551,Baja California Sur,yes,
MUELLE DE PROD. PESQ. MATANCITAS,NA,2,-111.998,25.147,Baja California Sur,yes,
MUELLE DE PROD. PESQUERO MATANCITAS,NA,2,-111.998,25.147,Baja California Sur,yes,
MUELLE DE PTO ADOLFO LOPEZ MATEOS,204,2.0204,-112.1185,25.1889,Baja California Sur,,
MUELLE DE SANIMAR (LA PAZ),NA,3,-110.32,24.155,Baja California Sur,yes,
MUELLE FISCAL DE LA PAZ,NA,3,-110.31,24.166,Baja California Sur,yes,
MUELLE FISCAL DE SAN CARLOS,NA,2,-112.11,24.79,Baja California Sur,yes,
MUERTITOS LOS,50,2.005,-115.178,27.8766,Baja California Sur,,
MUERTO ENSENADA EL,258,3.0258,-111.9924,27.0994,Baja California Sur,,
MUERTOS BAHÍA LOS,44,3.0044,-109.8105,23.95,Baja California Sur,,
MUERTOS ENSENADA DE,45,3.0045,-109.8355,23.9893,Baja California Sur,,
MULEGE,245,3.0245,-111.9558,26.9076,Baja California Sur,,
MULEGE ESTERO,250,3.025,-112.0267,27.0321,Baja California Sur,,
NATIVIDAD ISLA,48,2.0048,-115.2022,27.8827,Baja California Sur,,
NICOLAS BAHÍA SAN,214,3.0214,-111.541,26.599,Baja California Sur,,
NICOLAS SAN,210,3.021,-111.505,26.532,Baja California Sur,,
NO CONSIDERADO,NA,NA,NA,NA,Baja California Sur,yes,"placeholder, not a location"
NO TIENE,NA,NA,NA,,Baja California Sur,yes,placeholder
NOPOLO,154,3.0154,-110.756,24.997,Baja California Sur,,
NOTRI,195,3.0195,-111.338,25.869,Baja California Sur,,
OJO DE LIEBRE BOCANA DE,22,2.0022,-114.2872,27.8777,Baja California Sur,,
OTATE ESTERO EL,205,2.0205,-112.1394,25.1662,Baja California Sur,,
P. SANTA ROSA CONSTITUCION,NA,3,-109.9,23.3,Baja California Sur,yes,
PABLO BAHÍA SAN,79,2.0079,-114.4633,27.1974,Baja California Sur,,
PABLO SAN BAJOS,382,2.0382,-114.464,27.211,Baja California Sur,,
PAILABOTE,173,2.0173,-112.0643,25.5465,Baja California Sur,,
PALMAR EL,350,2.035,-110.1692,23.2884,Baja California Sur,,
PALMER LAGO,278,2.0278,-111.6695,24.5743,Baja California Sur,,
PALMILLA PUNTA,7,3.0007,-109.714,23.008,Baja California Sur,,
PALOMETA PUNTA,281,2.0281,-111.6481,24.5566,Baja California Sur,,
PARAISO EL,175,2.0175,-112.077,25.521,Baja California Sur,,
PARDITO EL,141,3.0141,-110.588,24.863,Baja California Sur,,
PAREDON AMARILLO,223,3.0223,-111.8498,26.8822,Baja California Sur,,
PAREDON AMARILLO PTA,223,3.0223,-111.8498,26.8822,Baja California Sur,,
PAREDONES PUNTA PRIETOS,92,3.0092,-110.2158,24.3094,Baja California Sur,,
PARTIDA ISLA LA,131,3.0131,-110.3885,24.5631,Baja California Sur,,
PATO PUNTA EL,31,2.0031,-114.5891,27.7855,Baja California Sur,,
PAZ ENSENADA DE LA,108,3.0108,-110.3887,24.1361,Baja California Sur,,
PAZ ENSENADA DE LA,108,3.0108,-110.3887,24.1361,Baja California Sur,,"unclear, given these data are in Baja Sur"
PAZ LA,106,3.0106,-110.3229,24.1494,Baja California Sur,,
PE√ëASCO,NA,3,-113.54,31.31,Baja California Sur,yes,probably in Sonora
PEQUEÑA PUNTA,149,2.0149,-112.4912,26.2283,Baja California Sur,,
PERDIDO BAJO DEL,46,2.0046,-115.266,28.039,Baja California Sur,,
PERICO CAMPO PUNTA,46,3.0046,-109.8094,24.0323,Baja California Sur,,
PICHILINGUE,102,3.0102,-110.3326,24.2831,Baja California Sur,,
PICKETSON PUNTA,276,2.0276,-111.6877,24.5542,Baja California Sur,,
PIEDRA ISLOTE LA,25,2.0025,-114.1644,27.703,Baja California Sur,,
PIEDRAS GORDAS ISLA CERRALVO,51,3.0051,-109.8687,24.1564,Baja California Sur,,
PIEDRITAS LAS,100,2.01,-113.5919,26.7124,Baja California Sur,,
PILITAS PUNTA,98,3.0098,-110.2972,24.3546,Baja California Sur,,
PLAYA SALINAS,10,3.001,-109.628,23.073,Baja California Sur,,
PLAYA TLALOC,NA,NA,NA,NA,Baja California Sur,yes,
PLAYITA BOCA DE,362,2.0362,-110.0403,22.9333,Baja California Sur,,
PLAYITA DE ENMEDIO,NA,NA,NA,NA,Baja California Sur,yes,
PLAYITAS LAS,341,2.0341,-110.2837,23.5172,Baja California Sur,,
PORVENIR,142,2.0142,-112.9266,26.5274,Baja California Sur,,
POZA LA,185,2.0185,-112.088,25.478,Baja California Sur,,
POZA LA ARROYO DE,186,2.0186,-112.0138,25.4725,Baja California Sur,,
POZO DE COTA PUNTA,357,2.0357,-110.1162,23.0542,Baja California Sur,,
POZO DE FEDRICO,NA,2,-112,25,Baja California Sur,yes,
PRADOS LOS,202,2.0202,-112.1188,25.1926,Baja California Sur,,
PRESA ALBERTO ANDRES ALVARADO ARAMBURO (PRESA LA HIGUERILLA),NA,NA,NA,NA,Baja California Sur,yes,
PRIETA PUNTA DOS,246,3.0246,-111.9556,26.9161,Baja California Sur,,
PRIETA PUNTA ESPIRITU SANTO,127,3.0127,-110.3846,24.4531,Baja California Sur,,
PUERTO CAN CUN (O PTO. ROSS),NA,2,-111.751,24.551,Baja California Sur,yes,
PUERTO CUCHILLO,NA,3,-110.93,24.97,Baja California Sur,yes,
PUERTO NUEVO,NA,2,-111.96,24.74,Baja California Sur,yes,
PUERTO SAN ANDRESITO,162,2.0162,-112.1537,25.8992,Baja California Sur,,
PUERTO SAN CARLOS (B.C.S.),NA,2,-112.11,24.79,Baja California Sur,yes,
PUERTO VIEJO (EN B.C.N.),NA,2,,,Baja California Sur,yes,probably in Baja California
PUERTO VIEJO SAN CARLOS,286,2.0286,-111.6207,24.4933,Baja California Sur,,
PULGUERO ENSENADA EL,95,3.0095,-110.2498,24.3494,Baja California Sur,,
PULPITO PUNTA,207,3.0207,-111.47,26.446,Baja California Sur,,
PUNTA ALTA,NA,2,-112.3,25.63,Baja California Sur,yes,
PUNTA ARENA,NA,3,-109.41,23.39,Baja California Sur,yes,
PUNTA ARENA ( EN LOS CABOS),NA,3,-109.41,23.39,Baja California Sur,yes,
PUNTA BELCHER (O PUNTA ARENAS),NA,2,-112.12,24.62,Baja California Sur,yes,
PUNTA CONEJO (EN ESTERO RANCHO BUENO),NA,2,-111.19,24.1,Baja California Sur,yes,
PUNTA CONO,NA,2.0075,-114.6,27.45,Baja California Sur,yes,
PUNTA CONO (VARADERO),NA,2,-114.6,27.45,Baja California Sur,yes,
PUNTA COYOTE II (CERCA DE PUERTO MEJIA),NA,2,-112.02,24.6,Baja California Sur,yes,
PUNTA FARO,105,2.0105,-113.5237,26.7572,Baja California Sur,,
PUNTA GALLITO (EN SANTA ROSALIA),NA,3,-112.25,27.35,Baja California Sur,yes,
PUNTA LOBOS (EN LORETO),197,3.0197,-111.337,26.005,Baja California Sur,yes,
PUNTA LUPONA (EN ISLA ESPIRITU SANTO),NA,3,-110.3,24.49,Baja California Sur,yes,
PUNTA PESCADERO,NA,3,-109.51,23.67,Baja California Sur,yes,
PUNTA PIEDRA (EN ISLA SAN MARCOS),NA,3,-112.05,27.17,Baja California Sur,yes,
PUNTA PRIETA II (EN SANTA ROSALIA),NA,3,-112.24,27.3,Baja California Sur,yes,
PUNTA QUEBRADA,NA,2,-113.43,26.67,Baja California Sur,yes,
PUNTA RENAS (CAMPO PESQUERO EN SAN CARLOS),NA,2,-112.12,24.62,Baja California Sur,yes,
PUNTA SANTA ANA,295,3.0295,-112.5988,27.664,Baja California Sur,,
PUNTA VERDE I (PACIFICO),NA,2,-113.3,26.7,Baja California Sur,yes,
PUNTA VERDE II (GOLFO DE CALIFORNIA),NA,3,-111.81,26.67,Baja California Sur,yes,
R/A. PUEBLO NUEVO,NA,NA,,,Baja California Sur,yes,
RAFAEL ESTERO SAN,164,2.0164,-112.1024,25.7396,Baja California Sur,,
RAFAEL SUR SAN,165,2.0165,-112.1136,25.734,Baja California Sur,,
RAMADITA LA,211,3.0211,-111.5668,26.5834,Baja California Sur,,
RENE CAMPO,107,2.0107,-113.4723,26.803,Baja California Sur,,
REYNALDO ARROYO SAN,147,2.0147,-112.565,26.2881,Baja California Sur,,
RINCON EL,72,2.0072,-114.86,27.674,Baja California Sur,,
RIVERA LA,35,3.0035,-109.583,23.602,Baja California Sur,,
RODRIGUEZ,110,3.011,-110.4623,24.1865,Baja California Sur,,
ROJO PUNTA ISLA SAN JOSE,144,3.0144,-110.567,24.983,Baja California Sur,,
ROQUE BAHÍA SAN,83,2.0083,-114.3551,27.1474,Baja California Sur,,
ROQUE ISLA SAN,81,2.0081,-114.3918,27.1478,Baja California Sur,,
ROQUE ISLA SAN SUR,372,2.0372,-114.404,27.165,Baja California Sur,,
ROQUE PUNTA SAN,80,2.008,-114.4316,27.1749,Baja California Sur,,
ROQUE SAN,82,2.0082,-114.384,27.1676,Baja California Sur,,
ROSALIA SANTA,278,3.0278,-112.2631,27.3397,Baja California Sur,,
ROSALILLITA,229,3.0229,-111.7905,26.5668,Baja California Sur,yes,
ROSALITA SANTA,229,3.0229,-111.7905,26.5668,Baja California Sur,,
SALADITO EL,120,3.012,-110.6858,24.4448,Baja California Sur,,
SALINAS,80,3.008,-109.8641,24.0939,Baja California Sur,,
SALINAS BAHÍA ISLA DEL CARMEN,185,3.0185,-111.1201,25.9743,Baja California Sur,,
SALINAS LAS,10,3.001,-109.628,23.073,Baja California Sur,,
SALINAS PUNTA,139,3.0139,-110.683,24.888,Baja California Sur,,
SAN ANDRES,NA,2,-112.05,26.8,Baja California Sur,yes,
SAN BRUNO,NA,3,-112.98,27.15,Baja California Sur,yes,
SAN CARLITOS,NA,2,-112,26.1,Baja California Sur,yes,
SAN CARLOS,259,2.0259,-111.9669,24.7661,Baja California Sur,,
SAN JAVIER,197,3.0197,-111.337,26.005,Baja California Sur,yes,town near Loreto
SAN JORGE,NA,2,-112.2,26.55,Baja California Sur,yes,
"SAN JOSE DEL CABO, B.C.S.",NA,3,-109.7,23.062,Baja California Sur,yes,
SAN JUANICO B.C.S.,NA,2,-112.49,26.25,Baja California Sur,yes,
SAN JUANICO BAHÍA DE,206,3.0206,-111.45,26.436,Baja California Sur,,
SAN JUANICO II (OCEANO PACIFICO),NA,2,-112.49,26.25,Baja California Sur,yes,
SAN JUANICO LAGUNA DE,154,2.0154,-112.361,26.191,Baja California Sur,,
SAN JUANITO,NA,2,-112.29,26.56,Baja California Sur,yes,
SAN LUCAS,2,3.0002,-109.888,22.891,Baja California Sur,,
SAN LUCAS CABO,1,3.0001,-109.895,22.873,Baja California Sur,,
SAN LUIS GONZAGA B.C.N.,NA,3,-114.39,29.79,Baja California Sur,yes,
SAN MARCOS (EN ISLA SAN MARCOS),NA,3,-112.06,27.17,Baja California Sur,yes,
SAN RAFAEL,NA,2,-113.01,28.52,Baja California Sur,yes,
"SAN RAFAEL, B.C.S.",NA,2,-112,26.2,Baja California Sur,yes,
SANTA ANA,295,3.0295,-112.5988,27.664,Baja California Sur,,
"SANTA ELENITA, COMONDU",NA,2,-112.01,25.1,Baja California Sur,yes,
SANTA INES BAHÍA,252,3.0252,-111.9739,27.0306,Baja California Sur,,
SANTA MARÍA CALETA,3,3.0003,-109.815,22.929,Baja California Sur,,
SANTA MARINA BAHÍA,297,2.0297,-111.534,24.377,Baja California Sur,,
Santa Rosa (Aguas Litorales),NA,3,-109.9,23.3,Baja California Sur,yes,
"SANTA ROSA, COMONDU",NA,2,-112.06,26.24,Baja California Sur,yes,
SANTA ROSALIA (B.C.S.),NA,3,-112.27,27.34,Baja California Sur,yes,
SANTO DOMINGO (VARADERO),NA,2,-113.2,26.79,Baja California Sur,yes,
SANTO DOMINGO ESTERO DE,189,2.0189,-112.0835,25.4021,Baja California Sur,,
SANTO DOMINGO PUNTA GOLFO,225,3.0225,-111.8443,26.8619,Baja California Sur,,
SARGENTO EL,83,3.0083,-110.0003,24.1172,Baja California Sur,,
SAUZOSO EL,116,3.0116,-110.6378,24.3157,Baja California Sur,,
SEBASTIAN BAHÍA SAN,84,2.0084,-114.3531,27.1371,Baja California Sur,,
SOLDADO ESTERO EL,288,2.0288,-111.5933,24.4411,Baja California Sur,,
SOLEDAD BOCA LA,197,2.0197,-112.142,25.2792,Baja California Sur,,
SORPRESA PLAYA LA,85,3.0085,-110.0851,24.2113,Baja California Sur,,
TAMIAHUA,NA,NA,-97.45,21.27,Baja California Sur,yes,
TAVO CAMPITO,36,2.0036,-114.7716,27.8122,Baja California Sur,,
TECOLOTE EL,100,3.01,-110.3209,24.3393,Baja California Sur,,
TEMBABICHE,NA,3,-111.089,25.313,Baja California Sur,yes,
TIBURÓN EL,239,3.0239,-111.8988,26.8487,Baja California Sur,,
TIJERAS ESTERO LAS,221,2.0221,-112.1532,24.8183,Baja California Sur,,
TINAJA LA,257,3.0257,-111.967,27.086,Baja California Sur,,
TINAS LAS,40,3.004,-109.7172,23.8167,Baja California Sur,,
TLAQUE LAGUNA,230,2.023,-112.0624,24.8578,Baja California Sur,,
TODOS SANTOS,367,2.0367,-110.0033,22.9042,Baja California Sur,,
TORTUGAS BAHÍA,67,2.0067,-114.8805,27.6338,Baja California Sur,,
TORTUGAS LAGUNA,275,2.0275,-111.7474,24.5725,Baja California Sur,,
TOSCA PUNTA,305,2.0305,-111.71,24.304,Baja California Sur,,
TOSCO CABO,304,2.0304,-111.7041,24.3606,Baja California Sur,,
TRINIDAD LA,296,3.0296,-112.6432,27.7026,Baja California Sur,,
TRINIDAD PUNTA,297,3.0297,-112.7245,27.8214,Baja California Sur,,
TRONCONES LOS,166,2.0166,-112.1024,25.7209,Baja California Sur,,
TULE BOCA DE,21,3.0021,-109.443,23.264,Baja California Sur,,
TULE EL,5,3.0005,-109.811,22.958,Baja California Sur,,
TULES PUNTA,114,3.0114,-110.613,24.2705,Baja California Sur,,
UÑA DE GATA ESTERO,239,2.0239,-112.092,24.7265,Baja California Sur,,
VACAS ESTERO LAS,191,2.0191,-112.0913,25.3405,Baja California Sur,,
VENADO ESTERO EL,179,2.0179,-112.0956,25.6828,Baja California Sur,,
VENTANA BAHÍA LA,81,3.0081,-109.929,24.0453,Baja California Sur,,
VENTANA LA,82,3.0082,-109.9931,24.0488,Baja California Sur,,
VERDE ESTERO PUNTA,218,2.0218,-112.1726,24.7942,Baja California Sur,,
VIBORA PUNTA,163,3.0163,-110.9118,25.1847,Baja California Sur,,
VICENTE ESTERO SAN,188,2.0188,-112.0854,25.4618,Baja California Sur,,
VIEJA LA,320,2.032,-110.972,24.047,Baja California Sur,,
VILLA DE JESUS MARIA,NA,2,-114,28.28,Baja California Sur,yes,
VIRGENCITA LA,56,2.0056,-115.0383,27.7855,Baja California Sur,,
VIRGENES CABO,291,3.0291,-112.373,27.552,Baja California Sur,,
ZARGAZAL EL,58,2.0058,-115.0322,27.7369,Baja California Sur,,
PTO ADOLFO LOPEZ MATEOS,204,2.0204,-112.1185,25.1889,Baja California Sur,yes,
SANTA ROSA,NA,3,-109.9,23.3,Baja California Sur,yes,
PUNTA ARENA (EN BAHIA CONCEPCION),NA,3,-111.89,26.81,Baja California Sur,yes,
BAHIA SALINAS (EN ISLA DEL CARMEN),184,3.0184,-111.172,25.943,Baja California Sur,yes,
ADOLFO LOPEZ MATEOS (PRESA),204,2.0204,-112.1185,25.1889,Baja California Sur,yes,
PTO CANCUN,280,2.028,-111.6402,24.5597,Baja California Sur,yes,
PEÑASCO,NA,3,-113.54,31.31,Baja California Sur,yes,probably in Sonora
PUNTA GORDA (EN LOS CABOS),NA,3,-109.9,23.3,Baja California Sur,yes,
EL REMATE (BAHIA CONCEPCION),NA,3,-111.89,26.81,Baja California Sur,yes,
PUNTA LOS LOBOS (EN BAHIA ASUNCION),87,2.0087,-114.2905,27.1436,Baja California Sur,yes,
ENSENADA,179,3.0179,-111.2205,25.7252,Baja California Sur,yes,
PIEDRAS GORDAS (EN ISLA CERRALVO),52,3.0052,-109.8693,24.2357,Baja California Sur,yes,
SITIO EMB DESEM GENERICO,NA,NA,NA,NA,Baja California Sur,yes,placeholder
PUERTO ESCONDIDO,NA,2,-115.21,28.08,Baja California Sur,yes,
EL CARDONAL (EN LA PAZ),41,3.0041,-109.7447,23.8473,Baja California Sur,yes,
RIO LA FLORIDA,225,2.0225,-112.1052,24.9893,Baja California Sur,yes,
PUNTA COYOTE (EN LORETO),197,3.0197,-111.337,26.005,Baja California Sur,yes,
PUNTA AMARILLA (O SANTA ROSA),NA,3,-109.9,23.3,Baja California Sur,yes,
PUERTO VIEJO,NA,2,-110.201,23.405,Baja California Sur,yes,probably in Baja California
LAS CRUCES (EN GUERRERO NEGRO),8,2.0008,-114.1066,27.9441,Baja California Sur,yes,
SANTA ROSALILLITA,278,3.0278,-112.2631,27.3397,Baja California Sur,yes,
ROCA BALLENAS,99,2.0099,-113.6676,26.7432,Baja California Sur,yes,
PUNTA COLORADA (EN SANTA ROSALIA),247,3.0247,-111.9687,26.9255,Baja California Sur,yes,
SAN BRUNO (EN SANTA ROSALIA),265,3.0265,-112.1644,27.1682,Baja California Sur,yes,
PUNTA PRIETA,246,3.0246,-111.9556,26.9161,Baja California Sur,yes,
CLAM BAYS,69,2.0069,-114.8441,27.6216,Baja California Sur,yes,
DATILES VERDES,207,2.0207,-112.1741,25.0892,Baja California Sur,yes,
PUNTA EL LIMON (EN ISLA CERRALVO),52,3.0052,-109.8693,24.2357,Baja California Sur,yes,
PUERTO ESCONDIDO (EN LORETO),197,3.0197,-111.337,26.005,Baja California Sur,yes,
PUERTO VIEJO (EN SAN CARLOS),259,2.0259,-111.9669,24.7661,Baja California Sur,yes,
PUNTA COLORADA (EN ISLA SAN JOSE),146,3.0146,-110.598,25.037,Baja California Sur,yes,
ESTEO LAS TIJERAS,221,2.0221,-112.1532,24.8183,Baja California Sur,yes,
LAS BARRANCAS (EN LOS CABOS),NA,3,-109.9,23.3,Baja California Sur,yes,
ESTERO ARROYO STO. DOMINGO,190,2.019,-112.0845,25.3992,Baja California Sur,yes,
EL CEMENTERIO (EN SAN CARLOS),259,2.0259,-111.9669,24.7661,Baja California Sur,yes,